# year, Ptot_NPP_result_anom
1976.0409836065573,-7.9784164
1976.122950819672,-5.423197
1976.204918032787,-2.2499807
1976.2868852459017,0.15320826
1976.3715846994535,7.4401646
1976.4535519125684,21.53112
1976.5382513661202,14.962837
1976.622950819672,7.538557
1976.704918032787,-3.3589458
1976.7896174863388,-7.317011
1976.8715846994535,-9.934142
1976.9562841530055,-1.9734402
1977.041095890411,2.4181566
1977.1205479452055,5.3488026
1977.2027397260274,3.6097999
1977.2849315068493,2.580143
1977.3698630136987,1.0861592
1977.4520547945206,-1.4303522
1977.5369863013698,-1.3419304
1977.6219178082192,-3.1238651
1977.704109589041,-2.35396
1977.7890410958903,0.6261387
1977.8712328767124,1.3536682
1977.9561643835616,-3.0404072
1978.041095890411,-2.422142
1978.1205479452055,-1.3447299
1978.2027397260274,-0.99089956
1978.2849315068493,-0.20249987
1978.3698630136987,-1.2266445
1978.4520547945206,-0.87624073
1978.5369863013698,2.221243
1978.6219178082192,1.7476921
1978.704109589041,1.3443146
1978.7890410958903,-1.2036285
1978.8712328767124,-0.90541077
1978.9561643835616,-1.8526497
1979.041095890411,0.18311882
1979.1205479452055,-0.2927723
1979.2027397260274,-0.43839312
1979.2849315068493,-0.30197287
1979.3698630136987,-0.42327404
1979.4520547945206,-2.2884178
1979.5369863013698,-3.032896
1979.6219178082192,-0.753706
1979.704109589041,1.188034
1979.7890410958903,-1.2387009
1979.8712328767124,-0.9530411
1979.9561643835616,-2.872324
1980.0409836065573,-1.9060583
1980.122950819672,-1.9280734
1980.204918032787,-1.1785512
1980.2868852459017,-0.2788458
1980.3715846994535,-0.082325935
1980.4535519125684,-0.29234123
1980.5382513661202,2.9631042
1980.622950819672,-3.012228
1980.704918032787,-3.2149239
1980.7896174863388,-0.0037174225
1980.8715846994535,-0.15729713
1980.9562841530055,1.3553009
1981.041095890411,1.1737185
1981.1205479452055,-0.3660717
1981.2027397260274,-0.44384575
1981.2849315068493,-0.37610483
1981.3698630136987,-1.5618258
1981.4520547945206,-4.894624
1981.5369863013698,-3.329749
1981.6219178082192,-4.7199593
1981.704109589041,-2.2551804
1981.7890410958903,1.0910282
1981.8712328767124,0.7849655
1981.9561643835616,-0.5218792
1982.041095890411,-0.4569931
1982.1205479452055,-1.1693597
1982.2027397260274,-1.1648617
1982.2849315068493,-0.86439013
1982.3698630136987,-1.2295442
1982.4520547945206,-2.6922007
1982.5369863013698,-3.1626768
1982.6219178082192,-1.3575363
1982.704109589041,0.79821014
1982.7890410958903,0.7684765
1982.8712328767124,0.07020378
1982.9561643835616,-1.0230656
1983.041095890411,0.65775204
1983.1205479452055,-0.44167185
1983.2027397260274,-0.6955061
1983.2849315068493,-0.7873554
1983.3698630136987,-1.6400199
1983.4520547945206,-3.0454245
1983.5369863013698,-3.5735931
1983.6219178082192,-0.2176876
1983.704109589041,2.6417618
1983.7890410958903,0.7960777
1983.8712328767124,4.5473995
1983.9561643835616,7.2159424
1984.0409836065573,6.367569
1984.122950819672,4.67686
1984.204918032787,3.3103528
1984.2868852459017,0.44521952
1984.3715846994535,-1.5590391
1984.4535519125684,-5.4417057
1984.5382513661202,-3.6087008
1984.622950819672,0.12355614
1984.704918032787,2.0896416
1984.7896174863388,5.0322742
1984.8715846994535,4.2625484
1984.9562841530055,1.8286648
1985.041095890411,1.9633026
1985.1205479452055,0.94021034
1985.2027397260274,0.24188375
1985.2849315068493,-0.36740208
1985.3698630136987,-0.80364895
1985.4520547945206,-0.5698185
1985.5369863013698,-2.0976334
1985.6219178082192,3.7751675
1985.704109589041,3.1210556
1985.7890410958903,1.4490681
1985.8712328767124,0.93110657
1985.9561643835616,0.88385963
1986.041095890411,0.35180378
1986.1205479452055,-0.65794754
1986.2027397260274,-0.99150705
1986.2849315068493,-1.1864948
1986.3698630136987,-1.3487296
1986.4520547945206,-4.646557
1986.5369863013698,-7.456951
1986.6219178082192,-9.194355
1986.704109589041,-4.6648197
1986.7890410958903,-0.917511
1986.8712328767124,3.5310745
1986.9561643835616,1.1315384
1987.041095890411,1.3358946
1987.1205479452055,-0.039554596
1987.2027397260274,-0.77089834
1987.2849315068493,-1.107476
1987.3698630136987,-2.4000695
1987.4520547945206,-1.4156046
1987.5369863013698,1.6518917
1987.6219178082192,-1.7402325
1987.704109589041,0.6368542
1987.7890410958903,-1.9282303
1987.8712328767124,-1.4592953
1987.9561643835616,2.3109417
1988.0409836065573,2.8922071
1988.122950819672,-0.03964567
1988.204918032787,-0.69632196
1988.2868852459017,-0.5616088
1988.3715846994535,-1.800056
1988.4535519125684,-5.254924
1988.5382513661202,-5.476782
1988.622950819672,-4.5772915
1988.704918032787,-6.873888
1988.7896174863388,-5.72587
1988.8715846994535,-1.1816216
1988.9562841530055,2.9315758
1989.041095890411,3.7872858
1989.1205479452055,0.42704868
1989.2027397260274,-0.82563925
1989.2849315068493,-0.73812795
1989.3698630136987,-1.5713401
1989.4520547945206,-2.7618647
1989.5369863013698,-1.4600182
1989.6219178082192,-2.8076572
1989.704109589041,-6.207443
1989.7890410958903,-5.3232594
1989.8712328767124,0.5896988
1989.9561643835616,5.4072285
1990.041095890411,3.482108
1990.1205479452055,4.2437925
1990.2027397260274,1.98421
1990.2849315068493,0.7255869
1990.3698630136987,-2.1013703
1990.4520547945206,-5.6452045
1990.5369863013698,-6.014593
1990.6219178082192,-4.588503
1990.704109589041,-5.1490192
1990.7890410958903,-6.188793
1990.8712328767124,-3.062725
1990.9561643835616,-1.4101105
1991.041095890411,0.11592007
1991.1205479452055,-0.60950375
1991.2027397260274,-0.21854448
1991.2849315068493,-0.68107843
1991.3698630136987,-2.3091445
1991.4520547945206,-4.6340313
1991.5369863013698,-1.5916729
1991.6219178082192,1.1729431
1991.704109589041,-0.9985504
1991.7890410958903,-3.7001877
1991.8712328767124,-4.0560875
1991.9561643835616,-0.5325489
1992.0409836065573,-0.5564804
1992.122950819672,-0.5995879
1992.204918032787,-0.71922684
1992.2868852459017,-0.9970639
1992.3715846994535,-0.7971473
1992.4535519125684,1.2070436
1992.5382513661202,-0.36405182
1992.622950819672,-0.10636902
1992.704918032787,-1.6395416
1992.7896174863388,-2.246025
1992.8715846994535,-0.96396065
1992.9562841530055,-0.7356453
1993.041095890411,0.5284643
1993.1205479452055,-0.28215647
1993.2027397260274,-0.6627269
1993.2849315068493,-0.47261763
1993.3698630136987,-1.8633013
1993.4520547945206,-4.9547105
1993.5369863013698,-4.588607
1993.6219178082192,-5.495804
1993.704109589041,-6.7555714
1993.7890410958903,-6.22027
1993.8712328767124,-3.1501007
1993.9561643835616,-4.979583
1994.041095890411,-2.619007
1994.1205479452055,-1.1776762
1994.2027397260274,-0.23783827
1994.2849315068493,-0.34493494
1994.3698630136987,0.032094955
1994.4520547945206,-2.1425905
1994.5369863013698,-4.2822275
1994.6219178082192,-0.8093834
1994.704109589041,-0.37636375
1994.7890410958903,-2.7466946
1994.8712328767124,-2.1257515
1994.9561643835616,-3.833931
1995.041095890411,-0.98527336
1995.1205479452055,-0.14504051
1995.2027397260274,-0.9688282
1995.2849315068493,-1.0646718
1995.3698630136987,-1.5484843
1995.4520547945206,-4.484249
1995.5369863013698,-2.115137
1995.6219178082192,2.2211456
1995.704109589041,1.2092438
1995.7890410958903,-4.9573936
1995.8712328767124,-5.1758194
1995.9561643835616,0.7701435
1996.0409836065573,-0.3196907
1996.122950819672,-0.9776144
1996.204918032787,-0.6053376
1996.2868852459017,-0.9402988
1996.3715846994535,-1.434124
1996.4535519125684,-5.3264823
1996.5382513661202,-8.543561
1996.622950819672,-7.837055
1996.704918032787,-7.508127
1996.7896174863388,-10.666435
1996.8715846994535,-7.056999
1996.9562841530055,-7.892788
1997.041095890411,-4.2195344
1997.1205479452055,-3.0989528
1997.2027397260274,-1.3629141
1997.2849315068493,0.49853945
1997.3698630136987,-0.35311604
1997.4520547945206,-4.8012896
1997.5369863013698,-7.2952766
1997.6219178082192,-9.746988
1997.704109589041,-11.842363
1997.7890410958903,-3.566246
1997.8712328767124,-0.4162941
1997.9561643835616,-3.2377977
1998.041095890411,-2.099207
1998.1205479452055,-1.9524384
1998.2027397260274,-1.2939119
1998.2849315068493,-0.6875067
1998.3698630136987,-1.7520576
1998.4520547945206,-3.6713428
1998.5369863013698,0.67694855
1998.6219178082192,3.161684
1998.704109589041,6.3209534
1998.7890410958903,2.1371174
1998.8712328767124,-9.1782
1998.9561643835616,-9.773469
1999.041095890411,-5.996107
1999.1205479452055,-3.5592241
1999.2027397260274,-2.2843854
1999.2849315068493,-0.7282727
1999.3698630136987,-0.49061012
1999.4520547945206,-4.0163116
1999.5369863013698,-7.8670645
1999.6219178082192,-9.559866
1999.704109589041,-4.8450203
1999.7890410958903,-4.1355915
1999.8712328767124,-6.185112
1999.9561643835616,-7.7583094
2000.0409836065573,-4.1448164
2000.122950819672,-2.9147196
2000.204918032787,-1.736067
2000.2868852459017,-0.29712486
2000.3715846994535,0.8553624
2000.4535519125684,-2.4916515
2000.5382513661202,-2.8304234
2000.622950819672,-4.85804
2000.704918032787,-5.512985
2000.7896174863388,-8.941904
2000.8715846994535,-4.6457176
2000.9562841530055,-1.4133644
2001.041095890411,-0.4538765
2001.1205479452055,-0.48452473
2001.2027397260274,-0.36968708
2001.2849315068493,0.1493988
2001.3698630136987,-0.104691505
2001.4520547945206,-2.496378
2001.5369863013698,-2.2803288
2001.6219178082192,-2.8066177
2001.704109589041,-3.0932484
2001.7890410958903,-2.5703125
2001.8712328767124,-1.9203091
2001.9561643835616,-5.0510807
2002.041095890411,-3.1644602
2002.1205479452055,-2.3054204
2002.2027397260274,-1.8012509
2002.2849315068493,-0.7476678
2002.3698630136987,-1.3782663
2002.4520547945206,-4.9564166
2002.5369863013698,-6.824088
2002.6219178082192,-7.643614
2002.704109589041,-9.376192
2002.7890410958903,-5.2617035
2002.8712328767124,-0.095300674
2002.9561643835616,-0.98293877
2003.041095890411,3.0571947
2003.1205479452055,1.5689411
2003.2027397260274,0.43411493
2003.2849315068493,0.37364244
2003.3698630136987,-0.6343093
2003.4520547945206,-2.4318275
2003.5369863013698,-5.661993
2003.6219178082192,-5.817539
2003.704109589041,-2.650013
2003.7890410958903,-1.8441944
2003.8712328767124,-7.6947117
2003.9561643835616,-9.199179
2004.0409836065573,-6.143622
2004.122950819672,-3.84523
2004.204918032787,-2.300912
2004.2868852459017,0.0023360252
2004.3715846994535,0.03234005
2004.4535519125684,0.6605644
2004.5382513661202,1.650917
2004.622950819672,-5.997572
2004.704918032787,-7.8858166
2004.7896174863388,-13.181728
2004.8715846994535,-14.153475
2004.9562841530055,-10.649435
2005.041095890411,-6.0657587
2005.1205479452055,-3.8066545
2005.2027397260274,-2.0963533
2005.2849315068493,0.76915646
2005.3698630136987,0.8185196
2005.4520547945206,-4.298982
2005.5369863013698,-3.815424
2005.6219178082192,-3.1668644
2005.704109589041,-5.8594913
2005.7890410958903,-5.515465
2005.8712328767124,-3.221487
2005.9561643835616,-5.917698
2006.041095890411,-3.9700875
2006.1205479452055,-2.9776187
2006.2027397260274,-1.9631641
2006.2849315068493,-0.66088223
2006.3698630136987,-0.29868603
2006.4520547945206,-2.8624048
2006.5369863013698,-1.4616318
2006.6219178082192,-5.2907486
2006.704109589041,-3.7639809
2006.7890410958903,-3.4595852
2006.8712328767124,0.53547096
2006.9561643835616,0.08163452
2007.041095890411,-1.2413607
2007.1205479452055,-1.2746253
2007.2027397260274,-0.43736887
2007.2849315068493,-0.24113846
2007.3698630136987,-1.6127586
2007.4520547945206,0.39165115
2007.5369863013698,2.0463161
2007.6219178082192,-1.5877857
2007.704109589041,-3.2856293
2007.7890410958903,-1.0867596
2007.8712328767124,0.22019196
2007.9561643835616,-0.10774231
2008.0409836065573,-0.8074732
2008.122950819672,-1.1061153
2008.204918032787,-1.1300573
2008.2868852459017,-0.6239245
2008.3715846994535,-1.2191429
2008.4535519125684,-0.87550354
2008.5382513661202,-1.6661777
2008.622950819672,-8.396122
2008.704918032787,-1.3735638
2008.7896174863388,0.63321495
2008.8715846994535,-3.1835537
2008.9562841530055,-5.425597
2009.041095890411,-2.0027065
2009.1205479452055,-1.5055141
2009.2027397260274,-1.0833688
2009.2849315068493,-1.0557637
2009.3698630136987,-0.77888775
2009.4520547945206,-2.5999212
2009.5369863013698,-3.28726
2009.6219178082192,-2.2785969
2009.704109589041,-0.38126373
2009.7890410958903,-1.9985123
2009.8712328767124,-4.50576
2009.9561643835616,-2.3466454
2010.041095890411,-2.1060028
2010.1205479452055,-2.416367
2010.2027397260274,-0.8932481
2010.2849315068493,0.03676176
2010.3698630136987,-0.15798569
2010.4520547945206,-2.9254007
2010.5369863013698,-1.0654888
2010.6219178082192,0.51805687
2010.704109589041,-2.5044594
2010.7890410958903,-2.1692371
2010.8712328767124,-5.0635567
2010.9561643835616,-7.0064373
2011.041095890411,-4.50672
2011.1205479452055,-2.3787346
2011.2027397260274,-1.3199177
2011.2849315068493,0.08114004
2011.3698630136987,-0.7673931
2011.4520547945206,-2.4540424
2011.5369863013698,-2.887044
2011.6219178082192,-4.728441
2011.704109589041,-5.4970875
2011.7890410958903,-5.7104244
2011.8712328767124,-9.019743
2011.9561643835616,-10.104414
2012.0409836065573,-6.2322316
2012.122950819672,-4.0518446
2012.204918032787,-2.3599272
2012.2868852459017,-0.25768518
2012.3715846994535,0.774909
2012.4535519125684,-2.729763
2012.5382513661202,-4.1584654
2012.622950819672,-7.21476
2012.704918032787,-4.654093
2012.7896174863388,-3.5731945
2012.8715846994535,-6.4103374
2012.9562841530055,-7.835929
2013.041095890411,-4.6191764
2013.1205479452055,-3.4761796
2013.2027397260274,-1.5459876
2013.2849315068493,0.14999723
2013.3698630136987,-1.1080842
2013.4520547945206,-4.990328
2013.5369863013698,-2.96805
2013.6219178082192,-7.051815
2013.704109589041,-10.765652
2013.7890410958903,-9.022131
2013.8712328767124,-6.367693
2013.9561643835616,-6.4198694
2014.041095890411,-2.9390097
2014.1205479452055,-1.9811616
2014.2027397260274,-1.0304713
2014.2849315068493,0.01472187
2014.3698630136987,1.2913437
2014.4520547945206,-3.75463
2014.5369863013698,-6.422717
2014.6219178082192,-7.1532917
2014.704109589041,-8.280497
2014.7890410958903,-3.7871284
2014.8712328767124,-0.3772049
2014.9561643835616,-0.44835854
2015.041095890411,0.63149357
2015.1205479452055,0.26111794
2015.2027397260274,-0.17414331
2015.2849315068493,-0.4685049
2015.3698630136987,-0.9075041
2015.4520547945206,-4.268457
2015.5369863013698,-6.0407944
2015.6219178082192,-9.047509
2015.704109589041,-8.078825
2015.7890410958903,-9.496607
2015.8712328767124,-8.758345
2015.9561643835616,-6.7908545
2016.0409836065573,-4.2887497
2016.122950819672,-1.8950057
2016.204918032787,-0.042151928
2016.2868852459017,0.1507144
2016.3715846994535,0.5625639
2016.4535519125684,-3.400754
2016.5382513661202,-5.621003
2016.622950819672,-4.910795
2016.704918032787,-6.222456
2016.7896174863388,-5.040354
2016.8715846994535,-4.9737625
2016.9562841530055,-6.163439
2017.041095890411,-2.544797
2017.1205479452055,-1.4142952
2017.2027397260274,-1.2405162
2017.2849315068493,-0.9915421
2017.3698630136987,-0.23169422
2017.4520547945206,-1.9585552
2017.5369863013698,-2.3178387
2017.6219178082192,1.186842
2017.704109589041,-1.1380615
2017.7890410958903,-1.5048084
2017.8712328767124,-5.950308
2017.9561643835616,-7.1053677
2018.041095890411,-4.015219
2018.1205479452055,-3.0007677
2018.2027397260274,-1.7743964
2018.2849315068493,0.38298082
2018.3698630136987,0.1266532
2018.4520547945206,-3.72398
2018.5369863013698,-2.6416655
2018.6219178082192,-4.0248775
2018.704109589041,-1.1018295
2018.7890410958903,-2.6786346
2018.8712328767124,-11.276287
2018.9561643835616,-10.656444
2019.041095890411,-5.995307
2019.1205479452055,-3.9207675
2019.2027397260274,-2.2853353
2019.2849315068493,-0.4462204
2019.3698630136987,0.076919556
2019.4520547945206,-2.48133
2019.5369863013698,-3.9075747
2019.6219178082192,-9.407287
2019.704109589041,-11.350359
2019.7890410958903,-10.543507
2019.8712328767124,-10.4340515
2019.9561643835616,-7.9248695
2020.0409836065573,-3.6278543
2020.122950819672,-2.0643039
2020.204918032787,-1.1390548
2020.2868852459017,0.6810732
2020.3715846994535,0.6668968
2020.4535519125684,-3.387619
2020.5382513661202,-4.808792
2020.622950819672,-4.9122467
2020.704918032787,-4.2521667
2020.7896174863388,-4.3964844
2020.8715846994535,-6.564743
2020.9562841530055,-6.47787
2021.041095890411,-3.556737
2021.1205479452055,-2.3169346
2021.2027397260274,-1.1669493
2021.2849315068493,0.6789489
2021.3698630136987,1.0026636
2021.4520547945206,-4.5480895
2021.5369863013698,-9.483212
2021.6219178082192,-12.874364
2021.704109589041,-10.400831
2021.7890410958903,-4.825859
2021.8712328767124,-7.8853016
2021.9561643835616,-6.8229933
2022.041095890411,-4.0017066
2022.1205479452055,-2.7784119
2022.2027397260274,-1.6067882
2022.2849315068493,-0.7483208
2022.3698630136987,-0.29932356
2022.4520547945206,-3.0958776
2022.5369863013698,-5.3923864
2022.6219178082192,-8.480068
2022.704109589041,-5.33745
2022.7890410958903,-0.9391136
2022.8712328767124,-1.9118729
2022.9561643835616,-5.0363264
2023.041095890411,-1.6445847
2023.1205479452055,-1.5160432
2023.2027397260274,-0.908905
2023.2849315068493,-0.8743894
2023.3698630136987,-0.42523432
2023.4520547945206,-3.83786
2023.5369863013698,-4.205078
2023.6219178082192,-3.0200977
2023.704109589041,0.5639591
2023.7890410958903,-5.6322002
2023.8712328767124,-10.26637
2023.9561643835616,-9.273295
2024.0409836065573,-4.919072
2024.122950819672,-2.6087809
2024.204918032787,-1.3380775
2024.2868852459017,0.81422853
2024.3715846994535,0.50258875
2024.4535519125684,-1.9905672
2024.5382513661202,-0.70456886
2024.622950819672,-2.299429
2024.704918032787,-6.177429
2024.7896174863388,-6.772312
2024.8715846994535,-10.110131
2024.9562841530055,-9.563088
2025.041095890411,-5.6750436
2025.1205479452055,-3.3627825
2025.2027397260274,-1.9374089
2025.2849315068493,-0.34311247
2025.3698630136987,-0.056632042
2025.4520547945206,-4.496894
2025.5369863013698,-7.5807724
2025.6219178082192,-5.2209873
2025.704109589041,-1.0550365
2025.7890410958903,0.8499298
2025.8712328767124,0.3907776
2025.9561643835616,-2.5991573
2026.041095890411,0.58054924
2026.1205479452055,-0.23836756
2026.2027397260274,-0.22710419
2026.2849315068493,-0.28322744
2026.3698630136987,-0.13758087
2026.4520547945206,-3.728695
2026.5369863013698,-7.157647
2026.6219178082192,-5.258442
2026.704109589041,-1.2672329
2026.7890410958903,-4.6257153
2026.8712328767124,-7.615196
2026.9561643835616,-7.159422
2027.041095890411,-4.5391874
2027.1205479452055,-3.1824346
2027.2027397260274,-2.4333034
2027.2849315068493,-1.4736035
2027.3698630136987,-0.9265852
2027.4520547945206,-3.3445263
2027.5369863013698,-7.5398636
2027.6219178082192,-9.544588
2027.704109589041,-5.1353626
2027.7890410958903,-1.1507683
2027.8712328767124,-6.942606
2027.9561643835616,-7.1854067
2028.0409836065573,-4.322038
2028.122950819672,-2.5609121
2028.204918032787,-1.364191
2028.2868852459017,-0.25196457
2028.3715846994535,-0.3775215
2028.4535519125684,-2.6551514
2028.5382513661202,-3.7875462
2028.622950819672,-5.3363
2028.704918032787,-0.19519424
2028.7896174863388,-0.5943527
2028.8715846994535,-8.261353
2028.9562841530055,-9.29917
2029.041095890411,-6.2932973
2029.1205479452055,-3.7570276
2029.2027397260274,-1.9720912
2029.2849315068493,0.47507524
2029.3698630136987,1.2182403
2029.4520547945206,-2.9022894
2029.5369863013698,-5.4231777
2029.6219178082192,-7.5214996
2029.704109589041,-4.5050755
2029.7890410958903,-3.7715988
2029.8712328767124,-6.1095085
2029.9561643835616,-4.9682684
2030.041095890411,-2.8671713
2030.1205479452055,-1.88128
2030.2027397260274,-1.4394608
2030.2849315068493,0.038701534
2030.3698630136987,0.016362667
2030.4520547945206,-4.4360743
2030.5369863013698,-7.508191
2030.6219178082192,-5.4191914
2030.704109589041,-2.2869549
2030.7890410958903,-4.9089985
2030.8712328767124,-7.1198597
2030.9561643835616,-8.561022
2031.041095890411,-4.544038
2031.1205479452055,-2.8570414
2031.2027397260274,-1.3962994
2031.2849315068493,0.030554295
2031.3698630136987,0.94006586
2031.4520547945206,-2.2944736
2031.5369863013698,-4.7240324
2031.6219178082192,-3.8347874
2031.704109589041,-0.1616497
2031.7890410958903,-2.6853828
2031.8712328767124,-6.686083
2031.9561643835616,-7.3129416
2032.0409836065573,-3.3125
2032.122950819672,-1.8945098
2032.204918032787,-1.2743802
2032.2868852459017,-0.06408262
2032.3715846994535,0.04949522
2032.4535519125684,-3.4299755
2032.5382513661202,-2.55414
2032.622950819672,-2.0617733
2032.704918032787,-2.7868729
2032.7896174863388,-6.692011
2032.8715846994535,-12.146264
2032.9562841530055,-10.2400875
2033.041095890411,-5.702023
2033.1205479452055,-3.5462546
2033.2027397260274,-0.9712901
2033.2849315068493,1.1247635
2033.3698630136987,1.5054111
2033.4520547945206,-2.5611477
2033.5369863013698,-7.3069525
2033.6219178082192,-9.641787
2033.704109589041,-6.567362
2033.7890410958903,-4.8611546
2033.8712328767124,-7.9861565
2033.9561643835616,-8.5612335
2034.041095890411,-5.4403644
2034.1205479452055,-3.3582854
2034.2027397260274,-1.4811573
2034.2849315068493,0.15050316
2034.3698630136987,1.0326476
2034.4520547945206,-2.6940346
2034.5369863013698,-5.7761803
2034.6219178082192,-9.105398
2034.704109589041,-10.505129
2034.7890410958903,-9.674116
2034.8712328767124,-4.962063
2034.9561643835616,-4.7752542
2035.041095890411,-2.1426525
2035.1205479452055,-1.0752258
2035.2027397260274,-0.7505431
2035.2849315068493,-0.5172825
2035.3698630136987,0.88589287
2035.4520547945206,-1.3726635
2035.5369863013698,-4.518324
2035.6219178082192,-2.7565212
2035.704109589041,3.0582962
2035.7890410958903,-4.1597424
2035.8712328767124,-8.424177
2035.9561643835616,-8.868256
2036.0409836065573,-6.166299
2036.122950819672,-4.2630644
2036.204918032787,-2.4199417
2036.2868852459017,0.51065683
2036.3715846994535,1.1912799
2036.4535519125684,-4.001671
2036.5382513661202,-8.541351
2036.622950819672,-9.2531
2036.704918032787,-10.88867
2036.7896174863388,-7.0482464
2036.8715846994535,-6.631506
2036.9562841530055,-8.4675665
2037.041095890411,-4.9887767
2037.1205479452055,-3.3903399
2037.2027397260274,-2.2006698
2037.2849315068493,0.66928387
2037.3698630136987,1.502717
2037.4520547945206,-4.1924496
2037.5369863013698,-7.568714
2037.6219178082192,-4.256668
2037.704109589041,-2.4267864
2037.7890410958903,-1.9894867
2037.8712328767124,-5.0450363
2037.9561643835616,-7.5909443
2038.041095890411,-4.5606976
2038.1205479452055,-2.6746292
2038.2027397260274,-1.6079292
2038.2849315068493,-0.8341758
2038.3698630136987,-0.2187109
2038.4520547945206,-3.699113
2038.5369863013698,-4.461502
2038.6219178082192,-2.3913631
2038.704109589041,-1.7801819
2038.7890410958903,-2.153185
2038.8712328767124,-2.976448
2038.9561643835616,-5.3204193
2039.041095890411,-3.6648874
2039.1205479452055,-3.1750016
2039.2027397260274,-2.3247445
2039.2849315068493,-0.2071805
2039.3698630136987,0.003829956
2039.4520547945206,-3.591384
2039.5369863013698,-7.1691914
2039.6219178082192,-9.893195
2039.704109589041,-9.777529
2039.7890410958903,-9.694094
2039.8712328767124,-12.815051
2039.9561643835616,-10.472678
2040.0409836065573,-5.445525
2040.122950819672,-3.1595025
2040.204918032787,-1.6220353
2040.2868852459017,0.7506089
2040.3715846994535,1.6891451
2040.4535519125684,-3.0954285
2040.5382513661202,-2.8215685
2040.622950819672,-3.3836994
2040.704918032787,-6.415901
2040.7896174863388,-8.843784
2040.8715846994535,-10.45901
2040.9562841530055,-9.222771
2041.041095890411,-5.386454
2041.1205479452055,-2.9258838
2041.2027397260274,-0.5181713
2041.2849315068493,1.5239677
2041.3698630136987,0.7182331
2041.4520547945206,-3.9670968
2041.5369863013698,-8.146028
2041.6219178082192,-8.424887
2041.704109589041,-5.436348
2041.7890410958903,-6.5444984
2041.8712328767124,-7.817356
2041.9561643835616,-7.2560816
2042.041095890411,-3.7985878
2042.1205479452055,-2.4838815
2042.2027397260274,-0.30120993
2042.2849315068493,2.0157666
2042.3698630136987,0.8391037
2042.4520547945206,-3.761395
2042.5369863013698,-7.768363
2042.6219178082192,-9.882207
2042.704109589041,-7.5695763
2042.7890410958903,-3.1002865
2042.8712328767124,-5.957781
2042.9561643835616,-6.1691647
2043.041095890411,-4.8985424
2043.1205479452055,-2.4450474
2043.2027397260274,-0.9300647
2043.2849315068493,0.3468027
2043.3698630136987,0.90338373
2043.4520547945206,-2.0304785
2043.5369863013698,-5.383155
2043.6219178082192,-6.8527813
2043.704109589041,-7.215166
2043.7890410958903,-5.1403275
2043.8712328767124,-0.0820446
2043.9561643835616,-3.9114819
2044.0409836065573,-2.201477
2044.122950819672,-1.5293117
2044.204918032787,-1.0168438
2044.2868852459017,-0.6903806
2044.3715846994535,0.031000614
2044.4535519125684,-3.1608744
2044.5382513661202,-7.2402945
2044.622950819672,-7.7519436
2044.704918032787,-3.4870186
2044.7896174863388,-2.3894958
2044.8715846994535,-3.0136433
2044.9562841530055,-5.8920345
2045.041095890411,-3.1831398
2045.1205479452055,-2.2107759
2045.2027397260274,-1.2712812
2045.2849315068493,-0.5441179
2045.3698630136987,0.53292847
2045.4520547945206,-3.3351269
2045.5369863013698,-6.807584
2045.6219178082192,-8.1365185
2045.704109589041,-4.554348
2045.7890410958903,-6.284775
2045.8712328767124,-9.476295
2045.9561643835616,-9.376764
2046.041095890411,-5.4421
2046.1205479452055,-3.6135445
2046.2027397260274,-1.462152
2046.2849315068493,0.6403899
2046.3698630136987,0.47372484
2046.4520547945206,-1.802351
2046.5369863013698,-3.3768396
2046.6219178082192,-5.102482
2046.704109589041,-4.365551
2046.7890410958903,-4.4434967
2046.8712328767124,-5.2034645
2046.9561643835616,-6.7929277
2047.041095890411,-3.3888664
2047.1205479452055,-2.5280437
2047.2027397260274,-1.8255498
2047.2849315068493,-0.5076704
2047.3698630136987,-0.3412323
2047.4520547945206,-4.7690034
2047.5369863013698,-9.1629095
2047.6219178082192,-9.520324
2047.704109589041,-4.70191
2047.7890410958903,-3.9856682
2047.8712328767124,-6.352602
2047.9561643835616,-6.4357853
2048.0409836065573,-3.7010517
2048.122950819672,-2.9883456
2048.2049180327867,-2.192312
2048.2868852459014,-0.067946434
2048.3715846994537,0.96343994
2048.4535519125684,-3.2947283
2048.53825136612,-7.1875067
2048.622950819672,-8.2902355
2048.7049180327867,-5.511732
2048.789617486339,-3.376154
2048.8715846994537,-5.0236645
2048.9562841530055,-6.5136557
2049.041095890411,-4.7474065
2049.1205479452055,-2.808371
2049.202739726027,-1.4487238
2049.2849315068493,1.0350575
2049.3698630136987,0.77775764
2049.4520547945203,-3.5301142
2049.53698630137,-6.262945
2049.621917808219,-7.842964
2049.7041095890413,-3.9913425
2049.7890410958903,-0.582983
2049.8712328767124,-2.097681
2049.956164383562,-5.3735657
2050.041095890411,-3.4620743
2050.1205479452055,-3.1081023
2050.202739726027,-1.1732249
2050.2849315068493,0.2246809
2050.3698630136987,-0.04636526
2050.4520547945203,-3.8388534
2050.53698630137,-8.825482
2050.621917808219,-7.084219
2050.7041095890413,-1.4023495
2050.7890410958903,-1.5638504
2050.8712328767124,-5.088789
2050.956164383562,-6.292263
2051.041095890411,-3.85604
2051.1205479452055,-2.1446133
2051.202739726027,-0.5205898
2051.2849315068493,0.34151173
2051.3698630136987,0.56196785
2051.4520547945203,-4.031789
2051.53698630137,-7.6985073
2051.621917808219,-6.1455803
2051.7041095890413,2.9149933
2051.7890410958903,-2.2436123
2051.8712328767124,-8.301153
2051.956164383562,-8.334538
2052.0409836065573,-5.1968412
2052.122950819672,-3.773343
2052.2049180327867,-2.0376682
2052.2868852459014,1.2268872
2052.3715846994537,1.7842703
2052.4535519125684,-2.0800343
2052.53825136612,-6.384672
2052.622950819672,-6.58313
2052.7049180327867,-7.8229084
2052.789617486339,-10.526211
2052.8715846994537,-11.638178
2052.9562841530055,-9.494235
2053.041095890411,-5.0897884
2053.1205479452055,-3.5731716
2053.202739726027,-1.9039998
2053.2849315068493,0.5622344
2053.3698630136987,0.72138786
2053.4520547945203,-2.9704895
2053.53698630137,-6.1285467
2053.621917808219,-5.8769913
2053.7041095890413,-2.7922993
2053.7890410958903,-9.245058
2053.8712328767124,-11.148995
2053.956164383562,-8.091748
2054.041095890411,-4.011103
2054.1205479452055,-2.774888
2054.202739726027,-1.5467505
2054.2849315068493,1.4104686
2054.3698630136987,1.1581264
2054.4520547945203,-3.289359
2054.53698630137,-6.2298965
2054.621917808219,-5.7287426
2054.7041095890413,-4.0780354
2054.7890410958903,-2.2492218
2054.8712328767124,-8.220255
2054.956164383562,-8.635601
2055.041095890411,-5.441709
2055.1205479452055,-3.6823444
2055.202739726027,-1.7348881
2055.2849315068493,0.82667637
2055.3698630136987,0.93554497
2055.4520547945203,-3.0864725
2055.53698630137,-7.033519
2055.621917808219,-4.5787544
2055.7041095890413,-3.2084198
2055.7890410958903,-4.6929398
2055.8712328767124,-8.207169
2055.956164383562,-7.951833
2056.0409836065573,-4.8128757
2056.122950819672,-2.952694
2056.2049180327867,-1.026958
2056.2868852459014,0.115675926
2056.3715846994537,0.8168998
2056.4535519125684,-3.2934294
2056.53825136612,-6.507715
2056.622950819672,-6.491625
2056.7049180327867,-4.107788
2056.789617486339,-0.8895016
2056.8715846994537,-1.9503784
2056.9562841530055,-5.2333565
2057.041095890411,-3.8649569
2057.1205479452055,-2.3973813
2057.202739726027,-1.7052286
2057.2849315068493,-0.8481357
2057.3698630136987,-0.356678
2057.4520547945203,-4.9180408
2057.53698630137,-9.290324
2057.621917808219,-11.37429
2057.7041095890413,-6.2648106
2057.7890410958903,-7.1035748
2057.8712328767124,-9.276102
2057.956164383562,-7.4878664
2058.041095890411,-4.9192
2058.1205479452055,-2.8227882
2058.202739726027,-0.68465376
2058.2849315068493,1.0832281
2058.3698630136987,1.2879891
2058.4520547945203,-2.9924479
2058.53698630137,-5.009837
2058.621917808219,-2.4509354
2058.7041095890413,-2.79385
2058.7890410958903,-0.54683113
2058.8712328767124,-3.8707943
2058.956164383562,-5.9467525
2059.041095890411,-4.5468087
2059.1205479452055,-3.216981
2059.202739726027,-1.9413793
2059.2849315068493,-0.35246277
2059.3698630136987,-0.12594366
2059.4520547945203,-4.553072
2059.53698630137,-10.313961
2059.621917808219,-9.758435
2059.7041095890413,-9.752108
2059.7890410958903,-8.028494
2059.8712328767124,-9.787565
2059.956164383562,-8.67078
2060.0409836065573,-5.5780854
2060.122950819672,-3.184637
2060.2049180327867,-0.84271383
2060.2868852459014,1.051465
2060.3715846994537,1.1930823
2060.4535519125684,-3.8625073
2060.53825136612,-6.9029417
2060.622950819672,-8.577923
2060.7049180327867,-3.7289982
2060.789617486339,-6.674843
2060.8715846994537,-12.138326
2060.9562841530055,-10.34856
2061.041095890411,-5.8977175
2061.1205479452055,-3.5075245
2061.202739726027,-1.1978722
2061.2849315068493,1.4747238
2061.3698630136987,0.739346
2061.4520547945203,-2.6005697
2061.53698630137,-8.244567
2061.621917808219,-10.818162
2061.7041095890413,-7.380579
2061.7890410958903,-8.014864
2061.8712328767124,-9.861925
2061.956164383562,-9.726652
2062.041095890411,-6.2536592
2062.1205479452055,-4.704808
2062.202739726027,-2.2136037
2062.2849315068493,0.53202343
2062.3698630136987,0.027180195
2062.4520547945203,-4.188657
2062.53698630137,-8.255641
2062.621917808219,-8.388704
2062.7041095890413,-3.2355728
2062.7890410958903,-5.6383095
2062.8712328767124,-12.20751
2062.956164383562,-9.919987
2063.041095890411,-5.6202173
2063.1205479452055,-2.8618622
2063.202739726027,-0.69748974
2063.2849315068493,1.5269804
2063.3698630136987,1.6713047
2063.4520547945203,-2.7719765
2063.53698630137,-7.359495
2063.621917808219,-8.78371
2063.7041095890413,-7.7962456
2063.7890410958903,-4.6160717
2063.8712328767124,-2.787737
2063.956164383562,-4.5084715
2064.0409836065573,-3.6853466
2064.122950819672,-2.9580255
2064.2049180327867,-2.17228
2064.2868852459014,-0.5929291
2064.3715846994537,0.5380659
2064.4535519125684,-3.353918
2064.53825136612,-7.5521965
2064.622950819672,-7.5598736
2064.7049180327867,-4.162634
2064.789617486339,-5.5810795
2064.8715846994537,-10.614494
2064.9562841530055,-10.028158
2065.041095890411,-5.668877
2065.1205479452055,-3.5331821
2065.202739726027,-1.1758685
2065.2849315068493,1.3990121
2065.3698630136987,1.5430398
2065.4520547945203,-2.7641191
2065.53698630137,-6.4697075
2065.621917808219,-9.271843
2065.7041095890413,-6.516081
2065.7890410958903,-3.7732887
2065.8712328767124,-9.910672
2065.956164383562,-10.085208
2066.041095890411,-6.726235
2066.1205479452055,-3.6337724
2066.202739726027,-1.2886782
2066.2849315068493,1.5870266
2066.3698630136987,1.5380874
2066.4520547945203,-4.412879
2066.53698630137,-8.177903
2066.621917808219,-7.9313164
2066.7041095890413,-6.272581
2066.7890410958903,-4.256811
2066.8712328767124,-5.8889008
2066.956164383562,-6.5138807
2067.041095890411,-4.264737
2067.1205479452055,-2.489026
2067.202739726027,-1.1857018
2067.2849315068493,-0.25117207
2067.3698630136987,0.11184454
2067.4520547945203,-4.982808
2067.53698630137,-9.94396
2067.621917808219,-9.379235
2067.7041095890413,-2.1016388
2067.7890410958903,-2.3095665
2067.8712328767124,-7.9856796
2067.956164383562,-8.82693
2068.0409836065573,-6.007868
2068.122950819672,-3.6642308
2068.2049180327867,-0.64901924
2068.2868852459014,2.361495
2068.3715846994537,2.0947533
2068.4535519125684,-3.8817077
2068.53825136612,-8.540604
2068.622950819672,-9.460878
2068.7049180327867,-12.73226
2068.789617486339,-9.826431
2068.8715846994537,-9.604206
2068.9562841530055,-8.103659
2069.041095890411,-5.0286546
2069.1205479452055,-2.9835987
2069.202739726027,-0.6825342
2069.2849315068493,2.0901856
2069.3698630136987,1.9225283
2069.4520547945203,-3.2792044
2069.53698630137,-6.7601576
2069.621917808219,-5.6254787
2069.7041095890413,-3.9362602
2069.7890410958903,-6.584793
2069.8712328767124,-9.92091
2069.956164383562,-8.555891
2070.041095890411,-4.839136
2070.1205479452055,-2.8696704
2070.202739726027,-0.30423307
2070.2849315068493,2.33077
2070.3698630136987,1.419671
2070.4520547945203,-3.1896772
2070.53698630137,-8.423484
2070.621917808219,-12.046215
2070.7041095890413,-9.662128
2070.7890410958903,-8.033421
2070.8712328767124,-7.042467
2070.956164383562,-8.044952
