# year, Ptot_c_result
1976.0409836065573,2.883267
1976.122950819672,1.905506
1976.204918032787,2.4707446
1976.2868852459017,3.6738815
1976.3715846994535,11.090897
1976.4535519125684,30.370405
1976.5382513661202,30.105417
1976.622950819672,28.622229
1976.704918032787,22.156488
1976.7896174863388,18.26929
1976.8715846994535,14.967956
1976.9562841530055,17.268614
1977.041095890411,15.735424
1977.1205479452055,12.291687
1977.2027397260274,7.547408
1977.2849315068493,5.6639166
1977.3698630136987,5.7147107
1977.4520547945206,7.795179
1977.5369863013698,12.389062
1977.6219178082192,17.450739
1977.704109589041,27.04153
1977.7890410958903,35.422264
1977.8712328767124,25.481337
1977.9561643835616,11.809641
1978.041095890411,6.4177537
1978.1205479452055,4.4808884
1978.2027397260274,3.2768636
1978.2849315068493,3.1767564
1978.3698630136987,3.67999
1978.4520547945206,8.112735
1978.5369863013698,16.050383
1978.6219178082192,22.73032
1978.704109589041,29.017408
1978.7890410958903,28.527996
1978.8712328767124,23.015415
1978.9561643835616,13.795014
1979.041095890411,8.309726
1979.1205479452055,5.2139845
1979.2027397260274,3.7466235
1979.2849315068493,3.2547133
1979.3698630136987,4.489098
1979.4520547945206,7.0885963
1979.5369863013698,11.078595
1979.6219178082192,21.26997
1979.704109589041,29.861612
1979.7890410958903,28.962873
1979.8712328767124,20.52693
1979.9561643835616,11.8536415
1980.0409836065573,6.7671647
1980.122950819672,4.2399197
1980.204918032787,3.214859
1980.2868852459017,3.201539
1980.3715846994535,4.468548
1980.4535519125684,8.941849
1980.5382513661202,16.502327
1980.622950819672,16.862003
1980.704918032787,21.274448
1980.7896174863388,26.539373
1980.8715846994535,22.8337
1980.9562841530055,16.318436
1981.041095890411,8.888135
1981.1205479452055,5.2098255
1981.2027397260274,3.6888285
1981.2849315068493,3.1626601
1981.3698630136987,3.6130242
1981.4520547945206,5.406282
1981.5369863013698,10.770092
1981.6219178082192,15.539208
1981.704109589041,22.688591
1981.7890410958903,27.584877
1981.8712328767124,23.15034
1981.9561643835616,14.477469
1982.041095890411,7.6489615
1982.1205479452055,4.543638
1982.2027397260274,3.04538
1982.2849315068493,2.695909
1982.3698630136987,3.7279718
1982.4520547945206,6.6658406
1982.5369863013698,11.590047
1982.6219178082192,20.91137
1982.704109589041,32.444744
1982.7890410958903,34.0782
1982.8712328767124,26.000774
1982.9561643835616,15.172141
1983.041095890411,8.990903
1983.1205479452055,5.4385467
1983.2027397260274,3.5387485
1983.2849315068493,2.8713102
1983.3698630136987,3.4216821
1983.4520547945206,6.242704
1983.5369863013698,11.10696
1983.6219178082192,22.570808
1983.704109589041,36.160374
1983.7890410958903,37.632435
1983.8712328767124,34.053448
1983.9561643835616,27.194124
1984.0409836065573,18.003727
1984.122950819672,12.86637
1984.204918032787,8.24092
1984.2868852459017,3.9498355
1984.3715846994535,3.4592273
1984.4535519125684,4.8462844
1984.5382513661202,11.181448
1984.622950819672,21.42349
1984.704918032787,31.710844
1984.7896174863388,38.229973
1984.8715846994535,33.43431
1984.9562841530055,18.668533
1985.041095890411,10.067371
1985.1205479452055,6.212364
1985.2027397260274,4.177994
1985.2849315068493,3.1218522
1985.3698630136987,4.1016912
1985.4520547945206,8.467735
1985.5369863013698,12.25181
1985.6219178082192,24.695004
1985.704109589041,33.396603
1985.7890410958903,32.495323
1985.8712328767124,22.954042
1985.9561643835616,15.096724
1986.041095890411,8.940882
1986.1205479452055,5.1774178
1986.2027397260274,3.37817
1986.2849315068493,2.6786456
1986.3698630136987,3.6426413
1986.4520547945206,5.1415377
1986.5369863013698,7.707913
1986.6219178082192,12.302312
1986.704109589041,24.561182
1986.7890410958903,31.493542
1986.8712328767124,28.675007
1986.9561643835616,17.37362
1987.041095890411,9.5872965
1987.1205479452055,5.7100205
1987.2027397260274,3.436039
1987.2849315068493,2.6040106
1987.3698630136987,2.8966317
1987.4520547945206,7.929191
1987.5369863013698,15.482162
1987.6219178082192,18.909834
1987.704109589041,28.152382
1987.7890410958903,28.825094
1987.8712328767124,25.360271
1987.9561643835616,19.880854
1988.0409836065573,11.6856785
1988.122950819672,5.794731
1988.204918032787,3.713351
1988.2868852459017,3.1419032
1988.3715846994535,3.4631152
1988.4535519125684,4.667335
1988.5382513661202,9.560364
1988.622950819672,17.749828
1988.704918032787,23.810175
1988.7896174863388,27.715452
1988.8715846994535,26.034626
1988.9562841530055,18.909182
1989.041095890411,11.382044
1989.1205479452055,5.877727
1989.2027397260274,3.6188774
1989.2849315068493,2.863484
1989.3698630136987,3.3877265
1989.4520547945206,6.4668922
1989.5369863013698,13.687374
1989.6219178082192,19.86733
1989.704109589041,23.403889
1989.7890410958903,24.097475
1989.8712328767124,25.035706
1989.9561643835616,22.206213
1990.041095890411,14.385573
1990.1205479452055,10.20418
1990.2027397260274,6.0683303
1990.2849315068493,4.031548
1990.3698630136987,3.0757241
1990.4520547945206,4.508146
1990.5369863013698,8.929425
1990.6219178082192,16.04447
1990.704109589041,19.980257
1990.7890410958903,21.991264
1990.8712328767124,23.110933
1990.9561643835616,14.244472
1991.041095890411,8.285293
1991.1205479452055,5.078813
1991.2027397260274,3.8523877
1991.2849315068493,2.8860002
1991.3698630136987,2.9666486
1991.4520547945206,5.3251457
1991.5369863013698,12.232184
1991.6219178082192,22.027227
1991.704109589041,26.442707
1991.7890410958903,23.756733
1991.8712328767124,16.781
1991.9561643835616,13.468858
1992.0409836065573,7.8064327
1992.122950819672,4.899273
1992.204918032787,3.3522296
1992.2868852459017,2.6840935
1992.3715846994535,4.169283
1992.4535519125684,9.732041
1992.5382513661202,14.198095
1992.622950819672,21.073967
1992.704918032787,25.977661
1992.7896174863388,26.605276
1992.8715846994535,21.501234
1992.9562841530055,15.376665
1993.041095890411,9.286636
1993.1205479452055,5.4613304
1993.2027397260274,3.6922216
1993.2849315068493,3.0908632
1993.3698630136987,3.1689012
1993.4520547945206,4.9712777
1993.5369863013698,9.743357
1993.6219178082192,15.460242
1993.704109589041,20.182888
1993.7890410958903,21.548033
1993.8712328767124,17.546917
1993.9561643835616,10.023452
1994.041095890411,6.091671
1994.1205479452055,4.328161
1994.2027397260274,3.4837277
1994.2849315068493,2.9953597
1994.3698630136987,4.401695
1994.4520547945206,6.748412
1994.5369863013698,10.612766
1994.6219178082192,22.73043
1994.704109589041,32.901646
1994.7890410958903,31.69098
1994.8712328767124,24.138258
1994.9561643835616,15.4120245
1995.041095890411,10.904049
1995.1205479452055,6.720101
1995.2027397260274,3.4736176
1995.2849315068493,2.56365
1995.3698630136987,3.365715
1995.4520547945206,5.4381323
1995.5369863013698,11.9937315
1995.6219178082192,23.028852
1995.704109589041,27.841633
1995.7890410958903,23.553877
1995.8712328767124,20.50028
1995.9561643835616,17.46661
1996.0409836065573,9.048541
1996.122950819672,4.9649315
1996.204918032787,3.5480871
1996.2868852459017,2.8163476
1996.3715846994535,3.3992338
1996.4535519125684,4.809235
1996.5382513661202,6.897784
1996.622950819672,12.955789
1996.704918032787,17.666973
1996.7896174863388,14.6022415
1996.8715846994535,14.095245
1996.9562841530055,7.713028
1997.041095890411,5.150709
1997.1205479452055,3.442161
1997.2027397260274,3.2658753
1997.2849315068493,4.0075192
1997.3698630136987,4.4237747
1997.4520547945206,5.1800003
1997.5369863013698,7.676649
1997.6219178082192,10.532974
1997.704109589041,13.025312
1997.7890410958903,23.385468
1997.8712328767124,21.522781
1997.9561643835616,12.0089245
1998.041095890411,6.649412
1998.1205479452055,4.0844564
1998.2027397260274,3.0575078
1998.2849315068493,2.8459098
1998.3698630136987,3.4788258
1998.4520547945206,5.948286
1998.5369863013698,14.177036
1998.6219178082192,21.850777
1998.704109589041,29.644274
1998.7890410958903,25.507885
1998.8712328767124,11.308755
1998.9561643835616,6.294269
1999.041095890411,4.056641
1999.1205479452055,2.9076686
1999.2027397260274,2.2703295
1999.2849315068493,2.8501544
1999.3698630136987,4.052756
1999.4520547945206,5.4308233
1999.5369863013698,7.225295
1999.6219178082192,11.065333
1999.704109589041,22.029848
1999.7890410958903,22.900455
1999.8712328767124,15.141249
1999.9561643835616,7.820072
2000.0409836065573,5.0710754
2000.122950819672,3.4427123
2000.204918032787,2.6667573
2000.2868852459017,3.1052299
2000.3715846994535,5.2509537
2000.4535519125684,6.936699
2000.5382513661202,11.2178
2000.622950819672,16.007883
2000.704918032787,22.112995
2000.7896174863388,19.246967
2000.8715846994535,18.013487
2000.9562841530055,13.021762
2001.041095890411,8.511626
2001.1205479452055,5.3137007
2001.2027397260274,3.9165487
2001.2849315068493,3.6820383
2001.3698630136987,4.4784894
2001.4520547945206,6.739639
2001.5369863013698,11.628759
2001.6219178082192,16.730658
2001.704109589041,20.951012
2001.7890410958903,23.560667
2001.8712328767124,19.010593
2001.9561643835616,9.810018
2002.041095890411,5.972525
2002.1205479452055,3.8602476
2002.2027397260274,2.7307012
2002.2849315068493,2.8890078
2002.3698630136987,3.6440473
2002.4520547945206,4.9043565
2002.5369863013698,7.899723
2002.6219178082192,12.44528
2002.704109589041,16.388258
2002.7890410958903,23.701527
2002.8712328767124,22.89468
2002.9561643835616,14.023945
2003.041095890411,10.407683
2003.1205479452055,6.4497004
2003.2027397260274,4.2577863
2003.2849315068493,3.6030505
2003.3698630136987,4.0030684
2003.4520547945206,6.707621
2003.5369863013698,9.169261
2003.6219178082192,14.716322
2003.704109589041,23.261621
2003.7890410958903,23.608046
2003.8712328767124,12.372408
2003.9561643835616,6.7362647
2004.0409836065573,4.034575
2004.122950819672,2.8217463
2004.204918032787,2.3521144
2004.2868852459017,3.4674025
2004.3715846994535,5.1644945
2004.4535519125684,9.951406
2004.5382513661202,14.837699
2004.622950819672,13.357983
2004.704918032787,15.753892
2004.7896174863388,11.454308
2004.8715846994535,7.826832
2004.9562841530055,5.8618646
2005.041095890411,3.9114618
2005.1205479452055,2.8557835
2005.2027397260274,2.5075722
2005.2849315068493,3.8989868
2005.3698630136987,4.8642
2005.4520547945206,5.3138494
2005.5369863013698,10.560677
2005.6219178082192,17.509829
2005.704109589041,21.938478
2005.7890410958903,25.842852
2005.8712328767124,22.40147
2005.9561643835616,10.094559
2006.041095890411,5.4741855
2006.1205479452055,3.6393266
2006.2027397260274,2.686019
2006.2849315068493,3.0514057
2006.3698630136987,4.5330896
2006.4520547945206,6.624922
2006.5369863013698,12.052539
2006.6219178082192,14.525333
2006.704109589041,22.460499
2006.7890410958903,24.970774
2006.8712328767124,22.91188
2006.9561643835616,13.813627
2007.041095890411,7.2987113
2007.1205479452055,4.714072
2007.2027397260274,3.5151947
2007.2849315068493,3.0480807
2007.3698630136987,3.636022
2007.4520547945206,8.851548
2007.5369863013698,15.71791
2007.6219178082192,18.720602
2007.704109589041,22.61128
2007.7890410958903,26.245632
2007.8712328767124,21.425074
2007.9561643835616,14.0227585
2008.0409836065573,7.601662
2008.122950819672,4.740705
2008.204918032787,3.3000655
2008.2868852459017,3.0314837
2008.3715846994535,4.1733985
2008.4535519125684,8.158059
2008.5382513661202,11.87616
2008.622950819672,11.800968
2008.704918032787,21.288221
2008.7896174863388,23.069492
2008.8715846994535,15.577561
2008.9562841530055,9.240851
2009.041095890411,6.615691
2009.1205479452055,4.471831
2009.2027397260274,3.1268644
2009.2849315068493,2.5958707
2009.3698630136987,3.9395945
2009.4520547945206,6.5832314
2009.5369863013698,10.852001
2009.6219178082192,18.061344
2009.704109589041,25.319775
2009.7890410958903,24.066591
2009.8712328767124,17.538445
2009.9561643835616,12.022041
2010.041095890411,6.5047126
2010.1205479452055,3.8200088
2010.2027397260274,3.2691426
2010.2849315068493,3.3375616
2010.3698630136987,4.3384013
2010.4520547945206,6.3756123
2010.5369863013698,13.094195
2010.6219178082192,20.677233
2010.704109589041,22.736715
2010.7890410958903,23.674574
2010.8712328767124,15.258556
2010.9561643835616,8.120325
2011.041095890411,5.0420127
2011.1205479452055,3.7153616
2011.2027397260274,2.9934444
2011.2849315068493,3.3955753
2011.3698630136987,4.045073
2011.4520547945206,6.7257934
2011.5369863013698,11.454195
2011.6219178082192,16.895395
2011.704109589041,21.303053
2011.7890410958903,19.979826
2011.8712328767124,12.004667
2011.9561643835616,6.3464184
2012.0409836065573,3.9347591
2012.122950819672,2.703986
2012.204918032787,2.27398
2012.2868852459017,3.1529763
2012.3715846994535,5.150137
2012.4535519125684,6.540318
2012.5382513661202,9.9049635
2012.622950819672,12.516481
2012.704918032787,18.88512
2012.7896174863388,19.88026
2012.8715846994535,13.774168
2012.9562841530055,7.642512
2013.041095890411,4.9487157
2013.1205479452055,3.0570617
2013.2027397260274,2.8680913
2013.2849315068493,3.37339
2013.3698630136987,3.9509897
2013.4520547945206,4.9990606
2013.5369863013698,11.008121
2013.6219178082192,12.699207
2013.704109589041,13.474161
2013.7890410958903,15.257621
2013.8712328767124,13.891178
2013.9561643835616,8.418737
2014.041095890411,5.614007
2014.1205479452055,4.012007
2014.2027397260274,3.2560117
2014.2849315068493,3.7079275
2014.3698630136987,5.453204
2014.4520547945206,5.729886
2014.5369863013698,8.139392
2014.6219178082192,12.649719
2014.704109589041,16.201303
2014.7890410958903,23.724737
2014.8712328767124,20.70513
2014.9561643835616,13.907237
2015.041095890411,8.850372
2015.1205479452055,5.5390577
2015.2027397260274,3.7047977
2015.2849315068493,2.9665804
2015.3698630136987,3.7596612
2015.4520547945206,5.280778
2015.5369863013698,8.557331
2015.6219178082192,11.744362
2015.704109589041,18.47285
2015.7890410958903,16.615993
2015.8712328767124,12.1871195
2015.9561643835616,8.368855
2016.0409836065573,5.274324
2016.122950819672,4.0738354
2016.204918032787,3.6551375
2016.2868852459017,3.6072602
2016.3715846994535,4.906459
2016.4535519125684,5.962996
2016.5382513661202,8.668451
2016.622950819672,14.7769575
2016.704918032787,17.464159
2016.7896174863388,18.299295
2016.8715846994535,14.364206
2016.9562841530055,8.697288
2017.041095890411,5.9766526
2017.1205479452055,4.3193955
2017.2027397260274,2.979716
2017.2849315068493,2.7661397
2017.3698630136987,4.5722055
2017.4520547945206,7.1606827
2017.5369863013698,12.128861
2017.6219178082192,20.187801
2017.704109589041,22.477383
2017.7890410958903,21.91112
2017.8712328767124,13.53714
2017.9561643835616,7.972066
2018.041095890411,5.048235
2018.1205479452055,3.4040823
2018.2027397260274,2.7181246
2018.2849315068493,3.6122193
2018.3698630136987,4.7067714
2018.4520547945206,5.9368844
2018.5369863013698,11.504196
2018.6219178082192,15.438178
2018.704109589041,22.610975
2018.7890410958903,21.541264
2018.8712328767124,9.783695
2018.9561643835616,5.6223464
2019.041095890411,3.9566247
2019.1205479452055,2.791749
2019.2027397260274,2.3733766
2019.2849315068493,3.0581112
2019.3698630136987,4.6104803
2019.4520547945206,7.1067877
2019.5369863013698,10.384458
2019.6219178082192,10.83023
2019.704109589041,13.1531925
2019.7890410958903,13.581775
2019.8712328767124,10.397801
2019.9561643835616,7.424475
2020.0409836065573,5.2908273
2020.122950819672,3.9223793
2020.204918032787,3.1763265
2020.2868852459017,3.8297777
2020.3715846994535,4.707884
2020.4535519125684,5.8367043
2020.5382513661202,9.703953
2020.622950819672,16.306398
2020.704918032787,22.278378
2020.7896174863388,21.544624
2020.8715846994535,14.095299
2020.9562841530055,8.848454
2021.041095890411,5.672968
2021.1205479452055,3.875067
2021.2027397260274,3.2266293
2021.2849315068493,3.8707829
2021.3698630136987,5.333932
2021.4520547945206,5.262965
2021.5369863013698,5.80693
2021.6219178082192,7.864997
2021.704109589041,13.714608
2021.7890410958903,18.634464
2021.8712328767124,12.175242
2021.9561643835616,8.059123
2022.041095890411,5.25812
2022.1205479452055,3.5192695
2022.2027397260274,2.811788
2022.2849315068493,2.7687953
2022.3698630136987,4.3012285
2022.4520547945206,6.3837953
2022.5369863013698,8.803242
2022.6219178082192,11.355954
2022.704109589041,17.777512
2022.7890410958903,22.053064
2022.8712328767124,17.222034
2022.9561643835616,9.377784
2023.041095890411,6.7588563
2023.1205479452055,4.3170867
2023.2027397260274,3.173565
2023.2849315068493,2.7903924
2023.3698630136987,4.2599263
2023.4520547945206,5.5935965
2023.5369863013698,9.844362
2023.6219178082192,16.753414
2023.704109589041,24.328915
2023.7890410958903,18.824938
2023.8712328767124,10.4309845
2023.9561643835616,6.4935536
2024.0409836065573,4.8049583
2024.122950819672,3.5171978
2024.204918032787,3.0264127
2024.2868852459017,3.9801044
2024.3715846994535,5.476905
2024.4535519125684,7.7772093
2024.5382513661202,12.691236
2024.622950819672,16.641521
2024.704918032787,17.208385
2024.7896174863388,16.368984
2024.8715846994535,10.409433
2024.9562841530055,6.3512526
2025.041095890411,4.0877733
2025.1205479452055,3.057609
2025.2027397260274,2.5398095
2025.2849315068493,3.1490934
2025.3698630136987,4.8530316
2025.4520547945206,5.1840653
2025.5369863013698,7.1814494
2025.6219178082192,13.750767
2025.704109589041,20.244345
2025.7890410958903,24.005625
2025.8712328767124,19.782541
2025.9561643835616,11.009063
2026.041095890411,7.9764905
2026.1205479452055,5.28962
2026.2027397260274,3.703615
2026.2849315068493,3.3191335
2026.3698630136987,4.327044
2026.4520547945206,5.567265
2026.5369863013698,7.7479563
2026.6219178082192,14.403266
2026.704109589041,21.847973
2026.7890410958903,19.162876
2026.8712328767124,12.739629
2026.9561643835616,7.6727977
2027.041095890411,4.7410154
2027.1205479452055,3.1513567
2027.2027397260274,2.208374
2027.2849315068493,2.253919
2027.3698630136987,4.0783544
2027.4520547945206,5.9914823
2027.5369863013698,7.201969
2027.6219178082192,10.339438
2027.704109589041,18.065008
2027.7890410958903,22.549923
2027.8712328767124,12.951088
2027.9561643835616,7.6586275
2028.0409836065573,4.9558706
2028.122950819672,3.537508
2028.204918032787,2.8468359
2028.2868852459017,3.228365
2028.3715846994535,4.409254
2028.4535519125684,6.3762813
2028.5382513661202,10.092031
2028.622950819672,13.879716
2028.704918032787,22.258762
2028.7896174863388,23.004496
2028.8715846994535,11.835332
2028.9562841530055,6.471708
2029.041095890411,3.7970278
2029.1205479452055,2.715487
2029.2027397260274,2.5170627
2029.2849315068493,3.60433
2029.3698630136987,5.500132
2029.4520547945206,6.114114
2029.5369863013698,8.813374
2029.6219178082192,12.407231
2029.704109589041,20.170828
2029.7890410958903,20.587666
2029.8712328767124,14.049867
2029.9561643835616,9.372329
2030.041095890411,5.8737736
2030.1205479452055,3.9425657
2030.2027397260274,2.9141743
2030.2849315068493,3.364276
2030.3698630136987,4.504771
2030.4520547945206,5.1693845
2030.5369863013698,7.246495
2030.6219178082192,14.06456
2030.704109589041,21.542564
2030.7890410958903,18.294168
2030.8712328767124,12.89076
2030.9561643835616,7.0075974
2031.041095890411,4.725006
2031.1205479452055,3.3284318
2031.2027397260274,2.877927
2031.2849315068493,3.538369
2031.3698630136987,5.437479
2031.4520547945206,6.7336507
2031.5369863013698,9.316444
2031.6219178082192,15.396704
2031.704109589041,23.225191
2031.7890410958903,20.973692
2031.8712328767124,12.957182
2031.9561643835616,7.8434677
2032.0409836065573,5.4729443
2032.122950819672,3.9700427
2032.204918032787,3.0551977
2032.2868852459017,3.3036327
2032.3715846994535,4.3571086
2032.4535519125684,6.0537553
2032.5382513661202,11.072418
2032.622950819672,16.980915
2032.704918032787,20.402113
2032.7896174863388,17.13413
2032.8715846994535,9.07671
2032.9562841530055,5.854831
2033.041095890411,4.0520353
2033.1205479452055,3.0135014
2033.2027397260274,3.1864214
2033.2849315068493,4.2678246
2033.3698630136987,5.5615673
2033.4520547945206,6.5562716
2033.5369863013698,7.407658
2033.6219178082192,10.404522
2033.704109589041,17.53956
2033.7890410958903,18.872639
2033.8712328767124,11.798555
2033.9561643835616,6.954685
2034.041095890411,4.2766566
2034.1205479452055,3.0190432
2034.2027397260274,2.8730333
2034.2849315068493,3.4630082
2034.3698630136987,5.129433
2034.4520547945206,6.490533
2034.5369863013698,8.413843
2034.6219178082192,10.605839
2034.704109589041,13.055263
2034.7890410958903,14.306045
2034.8712328767124,14.241659
2034.9561643835616,9.443009
2035.041095890411,6.361691
2035.1205479452055,4.4513855
2035.2027397260274,3.3506403
2035.2849315068493,3.1816053
2035.3698630136987,4.9788857
2035.4520547945206,7.2198176
2035.5369863013698,9.492909
2035.6219178082192,16.32457
2035.704109589041,26.07394
2035.7890410958903,19.302328
2035.8712328767124,11.462543
2035.9561643835616,6.670087
2036.0409836065573,3.7510483
2036.122950819672,2.4909804
2036.204918032787,2.3231359
2036.2868852459017,3.762028
2036.3715846994535,5.2655544
2036.4535519125684,5.623803
2036.5382513661202,6.4870005
2036.622950819672,11.313592
2036.704918032787,14.175524
2036.7896174863388,17.919264
2036.8715846994535,13.780635
2036.9562841530055,7.289913
2037.041095890411,4.397873
2037.1205479452055,3.0318415
2037.2027397260274,2.420188
2037.2849315068493,3.8260093
2037.3698630136987,5.3518424
2037.4520547945206,5.400023
2037.5369863013698,7.299025
2037.6219178082192,15.925102
2037.704109589041,24.156475
2037.7890410958903,24.536394
2037.8712328767124,15.749868
2037.9561643835616,7.844044
2038.041095890411,4.8671236
2038.1205479452055,3.492774
2038.2027397260274,2.6458344
2038.2849315068493,2.6811569
2038.3698630136987,4.233556
2038.4520547945206,5.508515
2038.5369863013698,9.786385
2038.6219178082192,17.586506
2038.704109589041,23.617304
2038.7890410958903,22.26287
2038.8712328767124,16.232328
2038.9561643835616,9.552009
2039.041095890411,5.4727964
2039.1205479452055,3.2471113
2039.2027397260274,2.407778
2039.2849315068493,3.1757
2039.3698630136987,4.418421
2039.4520547945206,5.7096696
2039.5369863013698,7.4607434
2039.6219178082192,10.053564
2039.704109589041,13.584572
2039.7890410958903,13.703142
2039.8712328767124,8.515573
2039.9561643835616,5.6646957
2040.0409836065573,4.2116733
2040.122950819672,3.191125
2040.204918032787,2.723919
2040.2868852459017,4.1418457
2040.3715846994535,5.8935947
2040.4535519125684,6.178499
2040.5382513661202,10.883071
2040.622950819672,15.906081
2040.704918032787,16.98585
2040.7896174863388,14.714224
2040.8715846994535,10.11473
2040.9562841530055,6.572805
2041.041095890411,4.3103194
2041.1205479452055,3.379317
2041.2027397260274,3.546655
2041.2849315068493,4.3992157
2041.3698630136987,5.1010966
2041.4520547945206,5.488587
2041.5369863013698,6.971425
2041.6219178082192,11.663331
2041.704109589041,18.75532
2041.7890410958903,18.217138
2041.8712328767124,12.997201
2041.9561643835616,7.85754
2042.041095890411,5.2692747
2042.1205479452055,3.783319
2042.2027397260274,3.531488
2042.2849315068493,4.562181
2042.3698630136987,5.160895
2042.4520547945206,5.511308
2042.5369863013698,6.9492517
2042.6219178082192,10.487644
2042.704109589041,16.909897
2042.7890410958903,21.786026
2042.8712328767124,14.700847
2042.9561643835616,8.748873
2043.041095890411,4.764738
2043.1205479452055,3.6048112
2043.2027397260274,3.335099
2043.2849315068493,3.815988
2043.3698630136987,5.3205137
2043.4520547945206,6.7572007
2043.5369863013698,8.575984
2043.6219178082192,12.248351
2043.704109589041,15.488027
2043.7890410958903,18.332573
2043.8712328767124,19.388979
2043.9561643835616,10.2519455
2044.0409836065573,6.1949778
2044.122950819672,4.2301874
2044.204918032787,3.1018631
2044.2868852459017,2.8158414
2044.3715846994535,4.4857802
2044.4535519125684,5.862556
2044.5382513661202,7.221835
2044.622950819672,11.771339
2044.704918032787,19.938974
2044.7896174863388,20.804678
2044.8715846994535,16.419199
2044.9562841530055,8.821245
2045.041095890411,5.6236653
2045.1205479452055,3.7562733
2045.2027397260274,2.953239
2045.2849315068493,2.9417777
2045.3698630136987,4.742234
2045.4520547945206,5.854462
2045.5369863013698,7.5879908
2045.6219178082192,11.436233
2045.704109589041,17.670305
2045.7890410958903,16.154102
2045.8712328767124,10.429874
2045.9561643835616,6.270884
2046.041095890411,4.3867083
2046.1205479452055,2.8550963
2046.2027397260274,2.7502885
2046.2849315068493,3.7950227
2046.3698630136987,5.146653
2046.4520547945206,6.987718
2046.5369863013698,10.2680235
2046.6219178082192,13.953312
2046.704109589041,18.379236
2046.7890410958903,17.926006
2046.8712328767124,13.436634
2046.9561643835616,7.963575
2047.041095890411,5.4189243
2047.1205479452055,3.579377
2047.2027397260274,2.726822
2047.2849315068493,2.952766
2047.3698630136987,4.3182006
2047.4520547945206,4.873848
2047.5369863013698,5.990191
2047.6219178082192,10.399662
2047.704109589041,18.649496
2047.7890410958903,19.2508
2047.8712328767124,13.3731365
2047.9561643835616,8.441028
2048.0409836065573,5.2033477
2048.122950819672,3.2163978
2048.2049180327867,2.226389
2048.2868852459014,3.2154012
2048.3715846994537,4.886576
2048.4535519125684,5.6510363
2048.53825136612,7.18982
2048.622950819672,11.353132
2048.7049180327867,18.078274
2048.789617486339,19.867573
2048.8715846994537,14.3517475
2048.9562841530055,8.190142
2049.041095890411,4.7474985
2049.1205479452055,3.394688
2049.202739726027,2.9707823
2049.2849315068493,4.236379
2049.3698630136987,5.184529
2049.4520547945203,5.8246565
2049.53698630137,8.080396
2049.621917808219,11.7358885
2049.7041095890413,19.48784
2049.7890410958903,22.664988
2049.8712328767124,16.669083
2049.956164383562,9.390346
2050.041095890411,5.6333394
2050.1205479452055,3.3494198
2050.202739726027,3.0775821
2050.2849315068493,3.408059
2050.3698630136987,4.588461
2050.4520547945203,5.4466124
2050.53698630137,6.2291837
2050.621917808219,12.730801
2050.7041095890413,22.413904
2050.7890410958903,21.502947
2050.8712328767124,14.234503
2050.956164383562,8.146435
2051.041095890411,5.155202
2051.1205479452055,3.8619359
2051.202739726027,3.2208483
2051.2849315068493,3.375092
2051.3698630136987,4.898947
2051.4520547945203,5.3509393
2051.53698630137,6.934642
2051.621917808219,13.1276245
2051.7041095890413,25.012337
2051.7890410958903,20.74036
2051.8712328767124,11.746188
2051.956164383562,6.9301243
2052.0409836065573,4.283828
2052.122950819672,2.7322192
2052.2049180327867,2.5058575
2052.2868852459014,4.5058455
2052.3715846994537,6.008235
2052.4535519125684,7.039321
2052.53825136612,8.124924
2052.622950819672,12.582323
2052.7049180327867,15.219036
2052.789617486339,12.919003
2052.8715846994537,9.043813
2052.9562841530055,6.244098
2053.041095890411,4.499889
2053.1205479452055,2.83451
2053.202739726027,2.5618343
2053.2849315068493,3.728572
2053.3698630136987,5.5009093
2053.4520547945203,6.42443
2053.53698630137,8.033015
2053.621917808219,13.109335
2053.7041095890413,19.995333
2053.7890410958903,14.478506
2053.8712328767124,9.594754
2053.956164383562,6.974881
2054.041095890411,5.097214
2054.1205479452055,3.422057
2054.202739726027,2.80075
2054.2849315068493,4.4478664
2054.3698630136987,5.678919
2054.4520547945203,6.2944365
2054.53698630137,8.021028
2054.621917808219,13.093999
2054.7041095890413,17.829605
2054.7890410958903,19.222946
2054.8712328767124,11.461352
2054.956164383562,6.8446493
2055.041095890411,4.21148
2055.1205479452055,2.7988605
2055.202739726027,2.6320448
2055.2849315068493,3.9172578
2055.3698630136987,5.3192143
2055.4520547945203,5.985121
2055.53698630137,7.4107714
2055.621917808219,14.642257
2055.7041095890413,19.905731
2055.7890410958903,18.146654
2055.8712328767124,11.643395
2055.956164383562,7.2145357
2056.0409836065573,4.6577263
2056.122950819672,3.3902547
2056.2049180327867,2.989109
2056.2868852459014,3.4954507
2056.3715846994537,5.158192
2056.4535519125684,6.124116
2056.53825136612,7.900851
2056.622950819672,12.338697
2056.7049180327867,17.640724
2056.789617486339,20.344572
2056.8715846994537,16.109922
2056.9562841530055,8.939193
2057.041095890411,5.2459655
2057.1205479452055,3.576793
2057.202739726027,2.7130818
2057.2849315068493,2.8593426
2057.3698630136987,4.3930154
2057.4520547945203,4.854899
2057.53698630137,5.9990835
2057.621917808219,9.108133
2057.7041095890413,16.953434
2057.7890410958903,15.643498
2057.8712328767124,10.711088
2057.956164383562,7.5197086
2058.041095890411,4.591324
2058.1205479452055,3.4721262
2058.202739726027,3.3877542
2058.2849315068493,4.231949
2058.3698630136987,5.06277
2058.4520547945203,5.9689856
2058.53698630137,9.058616
2058.621917808219,16.62331
2058.7041095890413,20.910526
2058.7890410958903,22.879488
2058.8712328767124,15.199961
2058.956164383562,8.400206
2059.041095890411,4.9415736
2059.1205479452055,3.2022748
2059.202739726027,2.4969993
2059.2849315068493,3.1054516
2059.3698630136987,4.3394756
2059.4520547945203,4.943981
2059.53698630137,5.2238555
2059.621917808219,10.858886
2059.7041095890413,14.599969
2059.7890410958903,15.555034
2059.8712328767124,10.478233
2059.956164383562,6.69484
2060.0409836065573,4.19241
2060.122950819672,3.1476717
2060.2049180327867,3.1528623
2060.2868852459014,4.240616
2060.3715846994537,5.4236217
2060.4535519125684,5.526669
2060.53825136612,7.4439325
2060.622950819672,10.86627
2060.7049180327867,18.14353
2060.789617486339,15.634864
2060.8715846994537,8.832045
2060.9562841530055,5.8775854
2061.041095890411,4.0232034
2061.1205479452055,2.946088
2061.202739726027,3.1045942
2061.2849315068493,4.529712
2061.3698630136987,5.471761
2061.4520547945203,6.430994
2061.53698630137,6.628002
2061.621917808219,9.142411
2061.7041095890413,15.026399
2061.7890410958903,14.67875
2061.8712328767124,10.385184
2061.956164383562,6.112192
2062.041095890411,3.563927
2062.1205479452055,2.1595774
2062.202739726027,2.3412383
2062.2849315068493,3.5403547
2062.3698630136987,4.5828695
2062.4520547945203,5.319351
2062.53698630137,6.444825
2062.621917808219,11.102257
2062.7041095890413,19.031656
2062.7890410958903,17.405674
2062.8712328767124,8.872317
2062.956164383562,5.8668633
2063.041095890411,4.101313
2063.1205479452055,3.219875
2063.202739726027,3.415377
2063.2849315068493,4.4420834
2063.3698630136987,5.6082506
2063.4520547945203,6.050494
2063.53698630137,7.0601277
2063.621917808219,10.577398
2063.7041095890413,14.386221
2063.7890410958903,17.151514
2063.8712328767124,15.6599
2063.956164383562,9.537153
2064.0409836065573,5.2603245
2064.122950819672,3.3023767
2064.2049180327867,2.4812005
2064.2868852459014,2.9077072
2064.3715846994537,4.6576886
2064.4535519125684,5.6828594
2064.53825136612,6.9219084
2064.622950819672,11.47877
2064.7049180327867,17.822302
2064.789617486339,17.387188
2064.8715846994537,9.826906
2064.9562841530055,6.0047026
2065.041095890411,4.1292458
2065.1205479452055,2.9125018
2065.202739726027,2.9188666
2065.2849315068493,4.3672276
2065.3698630136987,5.7784677
2065.4520547945203,6.600545
2065.53698630137,7.698564
2065.621917808219,10.110859
2065.7041095890413,15.313983
2065.7890410958903,17.233034
2065.8712328767124,10.020686
2065.956164383562,5.8215947
2066.041095890411,3.510233
2066.1205479452055,2.7691662
2066.202739726027,3.0711706
2066.2849315068493,4.7303505
2066.3698630136987,5.625614
2066.4520547945203,5.3656034
2066.53698630137,6.6694036
2066.621917808219,11.179
2066.7041095890413,15.707832
2066.7890410958903,17.55303
2066.8712328767124,13.2709
2066.956164383562,8.075105
2067.041095890411,4.9139724
2067.1205479452055,3.6192834
2067.202739726027,2.92835
2067.2849315068493,2.967455
2067.3698630136987,4.336687
2067.4520547945203,4.64362
2067.53698630137,5.328057
2067.621917808219,10.377215
2067.7041095890413,19.631369
2067.7890410958903,19.4111
2067.8712328767124,11.731789
2067.956164383562,6.492095
2068.0409836065573,4.103567
2068.122950819672,2.9920073
2068.2049180327867,3.4220707
2068.2868852459014,5.0744996
2068.3715846994537,5.772748
2068.4535519125684,5.417925
2068.53825136612,6.3301992
2068.622950819672,10.33481
2068.7049180327867,11.638623
2068.789617486339,13.599576
2068.8715846994537,10.245136
2068.9562841530055,6.8047423
2069.041095890411,4.4000597
2069.1205479452055,3.160122
2069.202739726027,3.2990375
2069.2849315068493,4.830004
2069.3698630136987,5.5634227
2069.4520547945203,5.684558
2069.53698630137,7.49944
2069.621917808219,13.512468
2069.7041095890413,19.236773
2069.7890410958903,16.970835
2069.8712328767124,10.542226
2069.956164383562,6.745629
2070.041095890411,4.599031
2070.1205479452055,3.3039505
2070.202739726027,3.5855467
2070.2849315068493,4.852517
2070.3698630136987,5.5406666
2070.4520547945203,6.0401316
2070.53698630137,6.325752
2070.621917808219,8.143831
2070.7041095890413,13.523985
2070.7890410958903,14.471856
2070.8712328767124,11.994226
2070.956164383562,7.141706
