# year, Ptot_Chl_result
1976.0409836065573,0.0128426105
1976.122950819672,0.008223197
1976.204918032787,0.010458992
1976.2868852459017,0.017291138
1976.3715846994535,0.09590878
1976.4535519125684,0.41135794
1976.5382513661202,0.3913059
1976.622950819672,0.32357183
1976.704918032787,0.2151087
1976.7896174863388,0.14926177
1976.8715846994535,0.09510868
1976.9562841530055,0.1301609
1977.041095890411,0.0904556
1977.1205479452055,0.069470905
1977.2027397260274,0.04012499
1977.2849315068493,0.027799763
1977.3698630136987,0.030772626
1977.4520547945206,0.05623408
1977.5369863013698,0.10684568
1977.6219178082192,0.17339481
1977.704109589041,0.29034644
1977.7890410958903,0.3243338
1977.8712328767124,0.21269141
1977.9561643835616,0.07250521
1978.041095890411,0.02851765
1978.1205479452055,0.019342719
1978.2027397260274,0.013580056
1978.2849315068493,0.014443786
1978.3698630136987,0.018328475
1978.4520547945206,0.058970068
1978.5369863013698,0.15912902
1978.6219178082192,0.25666615
1978.704109589041,0.3046958
1978.7890410958903,0.26355794
1978.8712328767124,0.1892784
1978.9561643835616,0.092364036
1979.041095890411,0.04262668
1979.1205479452055,0.022730077
1979.2027397260274,0.016108543
1979.2849315068493,0.015423714
1979.3698630136987,0.026528932
1979.4520547945206,0.050646983
1979.5369863013698,0.094356075
1979.6219178082192,0.23778163
1979.704109589041,0.3295108
1979.7890410958903,0.27191716
1979.8712328767124,0.1574616
1979.9561643835616,0.07119814
1980.0409836065573,0.03036546
1980.122950819672,0.017445134
1980.204918032787,0.013050606
1980.2868852459017,0.014526422
1980.3715846994535,0.02329136
1980.4535519125684,0.07058297
1980.5382513661202,0.15173125
1980.622950819672,0.15815702
1980.704918032787,0.21083362
1980.7896174863388,0.23480058
1980.8715846994535,0.19808474
1980.9562841530055,0.12268859
1981.041095890411,0.04574923
1981.1205479452055,0.022180337
1981.2027397260274,0.014983455
1981.2849315068493,0.014213912
1981.3698630136987,0.018989796
1981.4520547945206,0.03359942
1981.5369863013698,0.08815609
1981.6219178082192,0.14997634
1981.704109589041,0.23962198
1981.7890410958903,0.27067664
1981.8712328767124,0.19898434
1981.9561643835616,0.099386394
1982.041095890411,0.03642317
1982.1205479452055,0.018552225
1982.2027397260274,0.011872983
1982.2849315068493,0.012458346
1982.3698630136987,0.020368433
1982.4520547945206,0.048956662
1982.5369863013698,0.110628635
1982.6219178082192,0.2295474
1982.704109589041,0.34954315
1982.7890410958903,0.32294342
1982.8712328767124,0.21043861
1982.9561643835616,0.10134338
1983.041095890411,0.04692929
1983.1205479452055,0.023567311
1983.2027397260274,0.014614938
1983.2849315068493,0.013091204
1983.3698630136987,0.017995136
1983.4520547945206,0.043311097
1983.5369863013698,0.10271149
1983.6219178082192,0.24617293
1983.704109589041,0.3586148
1983.7890410958903,0.3289312
1983.8712328767124,0.27835944
1983.9561643835616,0.19930428
1984.0409836065573,0.10417247
1984.122950819672,0.06736461
1984.204918032787,0.04241859
1984.2868852459017,0.018891603
1984.3715846994535,0.017718937
1984.4535519125684,0.03195356
1984.5382513661202,0.10680865
1984.622950819672,0.23327483
1984.704918032787,0.34250838
1984.7896174863388,0.3647441
1984.8715846994535,0.26223528
1984.9562841530055,0.1286938
1985.041095890411,0.056686264
1985.1205479452055,0.028728135
1985.2027397260274,0.018689994
1985.2849315068493,0.01381517
1985.3698630136987,0.02386278
1985.4520547945206,0.06509979
1985.5369863013698,0.11199455
1985.6219178082192,0.26810062
1985.704109589041,0.35419968
1985.7890410958903,0.30581266
1985.8712328767124,0.19278294
1985.9561643835616,0.107525654
1986.041095890411,0.045940273
1986.1205479452055,0.02126353
1986.2027397260274,0.013523645
1986.2849315068493,0.011671588
1986.3698630136987,0.018517284
1986.4520547945206,0.031044489
1986.5369863013698,0.06020907
1986.6219178082192,0.11349573
1986.704109589041,0.25628775
1986.7890410958903,0.30775315
1986.8712328767124,0.2494081
1986.9561643835616,0.114457674
1987.041095890411,0.051705483
1987.1205479452055,0.025605831
1987.2027397260274,0.014338609
1987.2849315068493,0.01178886
1987.3698630136987,0.014593334
1987.4520547945206,0.061797213
1987.5369863013698,0.14229065
1987.6219178082192,0.19078307
1987.704109589041,0.29349318
1987.7890410958903,0.26696625
1987.8712328767124,0.20012152
1987.9561643835616,0.13953716
1988.0409836065573,0.06896641
1988.122950819672,0.025798902
1988.204918032787,0.015350294
1988.2868852459017,0.0148725705
1988.3715846994535,0.018458655
1988.4535519125684,0.03023891
1988.5382513661202,0.08525506
1988.622950819672,0.18056555
1988.704918032787,0.21927205
1988.7896174863388,0.23249237
1988.8715846994535,0.19654578
1988.9562841530055,0.13245475
1989.041095890411,0.06783479
1989.1205479452055,0.025234047
1989.2027397260274,0.014689333
1989.2849315068493,0.012227589
1989.3698630136987,0.018457098
1989.4520547945206,0.04907956
1989.5369863013698,0.13585423
1989.6219178082192,0.19780605
1989.704109589041,0.20870903
1989.7890410958903,0.19949467
1989.8712328767124,0.21619022
1989.9561643835616,0.16451393
1990.041095890411,0.074799314
1990.1205479452055,0.053812586
1990.2027397260274,0.02931154
1990.2849315068493,0.018388355
1990.3698630136987,0.015535552
1990.4520547945206,0.030249266
1990.5369863013698,0.07526754
1990.6219178082192,0.16487609
1990.704109589041,0.18541625
1990.7890410958903,0.19036993
1990.8712328767124,0.19121763
1990.9561643835616,0.09898482
1991.041095890411,0.04413182
1991.1205479452055,0.022262683
1991.2027397260274,0.01670027
1991.2849315068493,0.012389742
1991.3698630136987,0.014445396
1991.4520547945206,0.034558427
1991.5369863013698,0.106540374
1991.6219178082192,0.24056095
1991.704109589041,0.26495403
1991.7890410958903,0.19626632
1991.8712328767124,0.13292457
1991.9561643835616,0.093031414
1992.0409836065573,0.039560094
1992.122950819672,0.021707075
1992.204918032787,0.014080444
1992.2868852459017,0.012490642
1992.3715846994535,0.02339897
1992.4535519125684,0.079980046
1992.5382513661202,0.13953052
1992.622950819672,0.2234048
1992.704918032787,0.25594038
1992.7896174863388,0.24129164
1992.8715846994535,0.16966385
1992.9562841530055,0.10755201
1993.041095890411,0.050551903
1993.1205479452055,0.024865318
1993.2027397260274,0.015265833
1993.2849315068493,0.013909165
1993.3698630136987,0.015493985
1993.4520547945206,0.03260053
1993.5369863013698,0.0787545
1993.6219178082192,0.15273044
1993.704109589041,0.19199906
1993.7890410958903,0.18662556
1993.8712328767124,0.12039093
1993.9561643835616,0.057760894
1994.041095890411,0.029130863
1994.1205479452055,0.019314723
1994.2027397260274,0.014102872
1994.2849315068493,0.014183358
1994.3698630136987,0.025921071
1994.4520547945206,0.048371565
1994.5369863013698,0.098116875
1994.6219178082192,0.2551098
1994.704109589041,0.31008467
1994.7890410958903,0.25675675
1994.8712328767124,0.160359
1994.9561643835616,0.08280795
1995.041095890411,0.054703373
1995.1205479452055,0.031154312
1995.2027397260274,0.015551686
1995.2849315068493,0.01087855
1995.3698630136987,0.016709704
1995.4520547945206,0.035578992
1995.5369863013698,0.11009985
1995.6219178082192,0.25549412
1995.704109589041,0.28835225
1995.7890410958903,0.19983405
1995.8712328767124,0.15412427
1995.9561643835616,0.13494305
1996.0409836065573,0.051611718
1996.122950819672,0.021172622
1996.204918032787,0.014767799
1996.2868852459017,0.012841672
1996.3715846994535,0.018136643
1996.4535519125684,0.03082466
1996.5382513661202,0.051351342
1996.622950819672,0.12598908
1996.704918032787,0.17200182
1996.7896174863388,0.11810239
1996.8715846994535,0.100907646
1996.9562841530055,0.041007645
1997.041095890411,0.02296139
1997.1205479452055,0.013359329
1997.2027397260274,0.013259301
1997.2849315068493,0.018563181
1997.3698630136987,0.022061778
1997.4520547945206,0.027687741
1997.5369863013698,0.051658973
1997.6219178082192,0.07682981
1997.704109589041,0.10575939
1997.7890410958903,0.22169787
1997.8712328767124,0.1824116
1997.9561643835616,0.06865336
1998.041095890411,0.030081566
1998.1205479452055,0.01575795
1998.2027397260274,0.012052532
1998.2849315068493,0.012591354
1998.3698630136987,0.017469285
1998.4520547945206,0.036678854
1998.5369863013698,0.12123528
1998.6219178082192,0.2148544
1998.704109589041,0.32030767
1998.7890410958903,0.24084485
1998.8712328767124,0.063323446
1998.9561643835616,0.030105429
1999.041095890411,0.018563244
1999.1205479452055,0.012238058
1999.2027397260274,0.009245083
1999.2849315068493,0.013025216
1999.3698630136987,0.020463191
1999.4520547945206,0.03391694
1999.5369863013698,0.054093886
1999.6219178082192,0.090905525
1999.704109589041,0.19924521
1999.7890410958903,0.19298026
1999.8712328767124,0.105729245
1999.9561643835616,0.0409255
2000.0409836065573,0.02165523
2000.122950819672,0.014545475
2000.204918032787,0.010665356
2000.2868852459017,0.013966237
2000.3715846994535,0.029393446
2000.4535519125684,0.046742707
2000.5382513661202,0.095620885
2000.622950819672,0.15799783
2000.704918032787,0.21088906
2000.7896174863388,0.14264031
2000.8715846994535,0.14526442
2000.9562841530055,0.09094626
2001.041095890411,0.04561411
2001.1205479452055,0.02135863
2001.2027397260274,0.016840402
2001.2849315068493,0.016466722
2001.3698630136987,0.022662599
2001.4520547945206,0.0463324
2001.5369863013698,0.098404154
2001.6219178082192,0.15719418
2001.704109589041,0.18839155
2001.7890410958903,0.22526145
2001.8712328767124,0.15088654
2001.9561643835616,0.054523434
2002.041095890411,0.02712406
2002.1205479452055,0.015870513
2002.2027397260274,0.01059588
2002.2849315068493,0.013202864
2002.3698630136987,0.018080818
2002.4520547945206,0.02748869
2002.5369863013698,0.05727345
2002.6219178082192,0.10398488
2002.704109589041,0.14347543
2002.7890410958903,0.21789134
2002.8712328767124,0.18909805
2002.9561643835616,0.09662887
2003.041095890411,0.063421465
2003.1205479452055,0.02953519
2003.2027397260274,0.018103782
2003.2849315068493,0.016790317
2003.3698630136987,0.021696417
2003.4520547945206,0.05026773
2003.5369863013698,0.07509941
2003.6219178082192,0.14316791
2003.704109589041,0.22964486
2003.7890410958903,0.212606
2003.8712328767124,0.07723571
2003.9561643835616,0.03168763
2004.0409836065573,0.016607804
2004.122950819672,0.011314144
2004.204918032787,0.009057555
2004.2868852459017,0.015667422
2004.3715846994535,0.026458785
2004.4535519125684,0.07209345
2004.5382513661202,0.11732687
2004.622950819672,0.1074052
2004.704918032787,0.13035704
2004.7896174863388,0.08002971
2004.8715846994535,0.039849292
2004.9562841530055,0.02882614
2005.041095890411,0.01647092
2005.1205479452055,0.011833234
2005.2027397260274,0.010154715
2005.2849315068493,0.01754305
2005.3698630136987,0.024005687
2005.4520547945206,0.030684333
2005.5369863013698,0.08992561
2005.6219178082192,0.1611393
2005.704109589041,0.19540338
2005.7890410958903,0.21531796
2005.8712328767124,0.1637417
2005.9561643835616,0.057665374
2006.041095890411,0.024275484
2006.1205479452055,0.0155471135
2006.2027397260274,0.010914518
2006.2849315068493,0.013701173
2006.3698630136987,0.0229579
2006.4520547945206,0.03999768
2006.5369863013698,0.09699753
2006.6219178082192,0.1306096
2006.704109589041,0.21595083
2006.7890410958903,0.22007744
2006.8712328767124,0.19036795
2006.9561643835616,0.09282722
2007.041095890411,0.035556916
2007.1205479452055,0.020585705
2007.2027397260274,0.0152972
2007.2849315068493,0.013771345
2007.3698630136987,0.02073883
2007.4520547945206,0.07097941
2007.5369863013698,0.15322457
2007.6219178082192,0.18885021
2007.704109589041,0.22925134
2007.7890410958903,0.25439477
2007.8712328767124,0.18331254
2007.9561643835616,0.09680906
2008.0409836065573,0.034858845
2008.122950819672,0.019921003
2008.204918032787,0.013710811
2008.2868852459017,0.013341542
2008.3715846994535,0.021778086
2008.4535519125684,0.054850195
2008.5382513661202,0.08455797
2008.622950819672,0.09785794
2008.704918032787,0.20711176
2008.7896174863388,0.20545238
2008.8715846994535,0.113821894
2008.9562841530055,0.05154222
2009.041095890411,0.032457072
2009.1205479452055,0.020470483
2009.2027397260274,0.012853273
2009.2849315068493,0.011232886
2009.3698630136987,0.020443227
2009.4520547945206,0.044070058
2009.5369863013698,0.09442864
2009.6219178082192,0.18830809
2009.704109589041,0.2647857
2009.7890410958903,0.19995746
2009.8712328767124,0.13758548
2009.9561643835616,0.08234848
2010.041095890411,0.02910177
2010.1205479452055,0.014289033
2010.2027397260274,0.012922534
2010.2849315068493,0.014370342
2010.3698630136987,0.022233844
2010.4520547945206,0.042851795
2010.5369863013698,0.12597856
2010.6219178082192,0.21075824
2010.704109589041,0.23548204
2010.7890410958903,0.21921742
2010.8712328767124,0.11603203
2010.9561643835616,0.042318527
2011.041095890411,0.021820152
2011.1205479452055,0.015533037
2011.2027397260274,0.012760195
2011.2849315068493,0.015626779
2011.3698630136987,0.019577472
2011.4520547945206,0.04303614
2011.5369863013698,0.100524426
2011.6219178082192,0.1728199
2011.704109589041,0.21914141
2011.7890410958903,0.16942486
2011.8712328767124,0.07272837
2011.9561643835616,0.02808232
2012.0409836065573,0.016119786
2012.122950819672,0.010856883
2012.204918032787,0.00888465
2012.2868852459017,0.013601193
2012.3715846994535,0.025416432
2012.4535519125684,0.03985994
2012.5382513661202,0.07513483
2012.622950819672,0.10321618
2012.704918032787,0.17182912
2012.7896174863388,0.17170443
2012.8715846994535,0.09129435
2012.9562841530055,0.039519068
2013.041095890411,0.021232475
2013.1205479452055,0.011718383
2013.2027397260274,0.01144826
2013.2849315068493,0.014912229
2013.3698630136987,0.019750942
2013.4520547945206,0.027004058
2013.5369863013698,0.08645501
2013.6219178082192,0.09806147
2013.704109589041,0.105102815
2013.7890410958903,0.1249056
2013.8712328767124,0.103553906
2013.9561643835616,0.04717587
2014.041095890411,0.026028413
2014.1205479452055,0.016578127
2014.2027397260274,0.012716063
2014.2849315068493,0.017566843
2014.3698630136987,0.02880992
2014.4520547945206,0.033946183
2014.5369863013698,0.059968222
2014.6219178082192,0.106765434
2014.704109589041,0.13403662
2014.7890410958903,0.22853099
2014.8712328767124,0.18118478
2014.9561643835616,0.096776955
2015.041095890411,0.04618096
2015.1205479452055,0.024695335
2015.2027397260274,0.015883889
2015.2849315068493,0.013851974
2015.3698630136987,0.019959925
2015.4520547945206,0.034770265
2015.5369863013698,0.07046183
2015.6219178082192,0.10365105
2015.704109589041,0.16743164
2015.7890410958903,0.13317917
2015.8712328767124,0.084744126
2015.9561643835616,0.04711224
2016.0409836065573,0.023528526
2016.122950819672,0.016938616
2016.204918032787,0.0152048115
2016.2868852459017,0.01682367
2016.3715846994535,0.02444711
2016.4535519125684,0.034459468
2016.5382513661202,0.06500028
2016.622950819672,0.13672015
2016.704918032787,0.15742561
2016.7896174863388,0.15466449
2016.8715846994535,0.10141457
2016.9562841530055,0.046481796
2017.041095890411,0.027505374
2017.1205479452055,0.019203605
2017.2027397260274,0.012244983
2017.2849315068493,0.012889088
2017.3698630136987,0.02471772
2017.4520547945206,0.047009647
2017.5369863013698,0.116237596
2017.6219178082192,0.20223959
2017.704109589041,0.22226645
2017.7890410958903,0.20135106
2017.8712328767124,0.0874244
2017.9561643835616,0.043202545
2018.041095890411,0.021656806
2018.1205479452055,0.0137942815
2018.2027397260274,0.010754929
2018.2849315068493,0.015782025
2018.3698630136987,0.023037307
2018.4520547945206,0.035726268
2018.5369863013698,0.097701244
2018.6219178082192,0.13834709
2018.704109589041,0.22516574
2018.7890410958903,0.19448629
2018.8712328767124,0.056117024
2018.9561643835616,0.024746146
2019.041095890411,0.017365605
2019.1205479452055,0.010852453
2019.2027397260274,0.009778399
2019.2849315068493,0.013269098
2019.3698630136987,0.020798745
2019.4520547945206,0.0420758
2019.5369863013698,0.069277264
2019.6219178082192,0.078361854
2019.704109589041,0.108250104
2019.7890410958903,0.103183195
2019.8712328767124,0.06696226
2019.9561643835616,0.040286608
2020.0409836065573,0.023806995
2020.122950819672,0.016299045
2020.204918032787,0.013082527
2020.2868852459017,0.017865887
2020.3715846994535,0.023886701
2020.4535519125684,0.03626294
2020.5382513661202,0.08070352
2020.622950819672,0.1629666
2020.704918032787,0.2125629
2020.7896174863388,0.19151144
2020.8715846994535,0.09937167
2020.9562841530055,0.048989706
2021.041095890411,0.02499095
2021.1205479452055,0.015518729
2021.2027397260274,0.01302046
2021.2849315068493,0.016826982
2021.3698630136987,0.02591781
2021.4520547945206,0.02785223
2021.5369863013698,0.03578933
2021.6219178082192,0.05393831
2021.704109589041,0.117755026
2021.7890410958903,0.16173384
2021.8712328767124,0.07876405
2021.9561643835616,0.041679718
2022.041095890411,0.022878062
2022.1205479452055,0.013792982
2022.2027397260274,0.011438174
2022.2849315068493,0.011654473
2022.3698630136987,0.020549929
2022.4520547945206,0.036002263
2022.5369863013698,0.056072418
2022.6219178082192,0.0896184
2022.704109589041,0.16191684
2022.7890410958903,0.20721397
2022.8712328767124,0.1367022
2022.9561643835616,0.052834395
2023.041095890411,0.03339161
2023.1205479452055,0.017756645
2023.2027397260274,0.012805751
2023.2849315068493,0.0128806215
2023.3698630136987,0.02238531
2023.4520547945206,0.034955706
2023.5369863013698,0.08044557
2023.6219178082192,0.16732366
2023.704109589041,0.2272886
2023.7890410958903,0.1586604
2023.8712328767124,0.06475436
2023.9561643835616,0.030869542
2024.0409836065573,0.021983752
2024.122950819672,0.0147389155
2024.204918032787,0.012446844
2024.2868852459017,0.01763636
2024.3715846994535,0.02717263
2024.4535519125684,0.043630447
2024.5382513661202,0.09124924
2024.622950819672,0.14586514
2024.704918032787,0.14868352
2024.7896174863388,0.1326199
2024.8715846994535,0.061537817
2024.9562841530055,0.030299637
2025.041095890411,0.01736731
2025.1205479452055,0.012767524
2025.2027397260274,0.010264764
2025.2849315068493,0.013874538
2025.3698630136987,0.024659708
2025.4520547945206,0.027405797
2025.5369863013698,0.051351126
2025.6219178082192,0.116913386
2025.704109589041,0.17218712
2025.7890410958903,0.23034382
2025.8712328767124,0.1686208
2025.9561643835616,0.06715621
2026.041095890411,0.04249111
2026.1205479452055,0.024085667
2026.2027397260274,0.01585314
2026.2849315068493,0.01585447
2026.3698630136987,0.02282003
2026.4520547945206,0.035175662
2026.5369863013698,0.060707197
2026.6219178082192,0.13270862
2026.704109589041,0.20298706
2026.7890410958903,0.16487396
2026.8712328767124,0.08261076
2026.9561643835616,0.040120605
2027.041095890411,0.020818917
2027.1205479452055,0.012741545
2027.2027397260274,0.008752363
2027.2849315068493,0.009923445
2027.3698630136987,0.019999659
2027.4520547945206,0.032861337
2027.5369863013698,0.047876608
2027.6219178082192,0.07649482
2027.704109589041,0.1567087
2027.7890410958903,0.19785754
2027.8712328767124,0.0901226
2027.9561643835616,0.04076047
2028.0409836065573,0.021911778
2028.122950819672,0.014807327
2028.204918032787,0.011607236
2028.2868852459017,0.014814183
2028.3715846994535,0.022353487
2028.4535519125684,0.038259815
2028.5382513661202,0.08163274
2028.622950819672,0.12206704
2028.704918032787,0.209488
2028.7896174863388,0.2035474
2028.8715846994535,0.07135015
2028.9562841530055,0.029318636
2029.041095890411,0.015935631
2029.1205479452055,0.01086497
2029.2027397260274,0.01047292
2029.2849315068493,0.015793307
2029.3698630136987,0.027847154
2029.4520547945206,0.035565622
2029.5369863013698,0.067893945
2029.6219178082192,0.11008542
2029.704109589041,0.20471668
2029.7890410958903,0.18230243
2029.8712328767124,0.10337289
2029.9561643835616,0.05550107
2030.041095890411,0.02827584
2030.1205479452055,0.016534843
2030.2027397260274,0.011444821
2030.2849315068493,0.01553603
2030.3698630136987,0.02291088
2030.4520547945206,0.029573634
2030.5369863013698,0.05277392
2030.6219178082192,0.12831143
2030.704109589041,0.20484398
2030.7890410958903,0.14975215
2030.8712328767124,0.0841979
2030.9561643835616,0.032929864
2031.041095890411,0.020161051
2031.1205479452055,0.013019093
2031.2027397260274,0.011930169
2031.2849315068493,0.016446188
2031.3698630136987,0.02696332
2031.4520547945206,0.038825087
2031.5369863013698,0.06877945
2031.6219178082192,0.1428951
2031.704109589041,0.22442468
2031.7890410958903,0.18699168
2031.8712328767124,0.089647464
2031.9561643835616,0.041185293
2032.0409836065573,0.025541512
2032.122950819672,0.016681585
2032.204918032787,0.01294085
2032.2868852459017,0.0154884895
2032.3715846994535,0.022839662
2032.4535519125684,0.039930135
2032.5382513661202,0.097408645
2032.622950819672,0.16318731
2032.704918032787,0.1848355
2032.7896174863388,0.1329288
2032.8715846994535,0.04940645
2032.9562841530055,0.027864937
2033.041095890411,0.017233536
2033.1205479452055,0.011820971
2033.2027397260274,0.012621808
2033.2849315068493,0.018470421
2033.3698630136987,0.02709909
2033.4520547945206,0.036960717
2033.5369863013698,0.047306612
2033.6219178082192,0.07799786
2033.704109589041,0.1559049
2033.7890410958903,0.15624358
2033.8712328767124,0.071657315
2033.9561643835616,0.034945402
2034.041095890411,0.016979268
2034.1205479452055,0.011748788
2034.2027397260274,0.011758966
2034.2849315068493,0.015880113
2034.3698630136987,0.024761137
2034.4520547945206,0.037493814
2034.5369863013698,0.059057835
2034.6219178082192,0.0808438
2034.704109589041,0.1016797
2034.7890410958903,0.11106477
2034.8712328767124,0.10682131
2034.9561643835616,0.05375519
2035.041095890411,0.03065401
2035.1205479452055,0.019911738
2035.2027397260274,0.014014214
2035.2849315068493,0.015346724
2035.3698630136987,0.024939733
2035.4520547945206,0.045394514
2035.5369863013698,0.074529715
2035.6219178082192,0.15576737
2035.704109589041,0.25503448
2035.7890410958903,0.15581042
2035.8712328767124,0.07041297
2035.9561643835616,0.033422433
2036.0409836065573,0.015676452
2036.122950819672,0.009427299
2036.204918032787,0.009241911
2036.2868852459017,0.017389487
2036.3715846994535,0.026022887
2036.4535519125684,0.03165474
2036.5382513661202,0.04220046
2036.622950819672,0.093551904
2036.704918032787,0.12050488
2036.7896174863388,0.14932583
2036.8715846994535,0.08733004
2036.9562841530055,0.036660206
2037.041095890411,0.018844875
2037.1205479452055,0.013229929
2037.2027397260274,0.010434546
2037.2849315068493,0.019074917
2037.3698630136987,0.026209246
2037.4520547945206,0.030620344
2037.5369863013698,0.05404743
2037.6219178082192,0.1542008
2037.704109589041,0.24162288
2037.7890410958903,0.22952189
2037.8712328767124,0.11159291
2037.9561643835616,0.039935213
2038.041095890411,0.021470036
2038.1205479452055,0.014622736
2038.2027397260274,0.010549565
2038.2849315068493,0.012396621
2038.3698630136987,0.02206506
2038.4520547945206,0.03290325
2038.5369863013698,0.08456854
2038.6219178082192,0.1725353
2038.704109589041,0.24310338
2038.7890410958903,0.2110001
2038.8712328767124,0.1175739
2038.9561643835616,0.05859902
2039.041095890411,0.025101729
2039.1205479452055,0.013234229
2039.2027397260274,0.010068139
2039.2849315068493,0.014271081
2039.3698630136987,0.02202651
2039.4520547945206,0.03219069
2039.5369863013698,0.050126296
2039.6219178082192,0.07305073
2039.704109589041,0.10377397
2039.7890410958903,0.10372606
2039.8712328767124,0.045607854
2039.9561643835616,0.02659302
2040.0409836065573,0.018603664
2040.122950819672,0.012875754
2040.204918032787,0.010862758
2040.2868852459017,0.019858472
2040.3715846994535,0.02954966
2040.4535519125684,0.03479656
2040.5382513661202,0.087075725
2040.622950819672,0.14269556
2040.704918032787,0.14179938
2040.7896174863388,0.10310584
2040.8715846994535,0.064842656
2040.9562841530055,0.0326299
2041.041095890411,0.017654415
2041.1205479452055,0.013240321
2041.2027397260274,0.014539234
2041.2849315068493,0.019917531
2041.3698630136987,0.027527291
2041.4520547945206,0.030378504
2041.5369863013698,0.049306627
2041.6219178082192,0.095924154
2041.704109589041,0.16865002
2041.7890410958903,0.15276031
2041.8712328767124,0.08706657
2041.9561643835616,0.042331554
2042.041095890411,0.023200046
2042.1205479452055,0.016088713
2042.2027397260274,0.014401295
2042.2849315068493,0.020721886
2042.3698630136987,0.027034538
2042.4520547945206,0.034043144
2042.5369863013698,0.049992915
2042.6219178082192,0.08855441
2042.704109589041,0.15344472
2042.7890410958903,0.18736257
2042.8712328767124,0.10858119
2042.9561643835616,0.049804524
2043.041095890411,0.019835914
2043.1205479452055,0.014533209
2043.2027397260274,0.014200099
2043.2849315068493,0.016832903
2043.3698630136987,0.027176209
2043.4520547945206,0.03964544
2043.5369863013698,0.05949352
2043.6219178082192,0.10196646
2043.704109589041,0.12537515
2043.7890410958903,0.16098958
2043.8712328767124,0.15815282
2043.9561643835616,0.062386796
2044.0409836065573,0.02875173
2044.122950819672,0.018111236
2044.204918032787,0.012824428
2044.2868852459017,0.012523117
2044.3715846994535,0.02289851
2044.4535519125684,0.032635953
2044.5382513661202,0.046647057
2044.622950819672,0.09816771
2044.704918032787,0.19243848
2044.7896174863388,0.18522255
2044.8715846994535,0.13036533
2044.9562841530055,0.043678887
2045.041095890411,0.025453573
2045.1205479452055,0.015696594
2045.2027397260274,0.012516545
2045.2849315068493,0.013316597
2045.3698630136987,0.02362682
2045.4520547945206,0.03290461
2045.5369863013698,0.05251377
2045.6219178082192,0.097462386
2045.704109589041,0.15174915
2045.7890410958903,0.12584504
2045.8712328767124,0.06616435
2045.9561643835616,0.03061049
2046.041095890411,0.019608798
2046.1205479452055,0.01114948
2046.2027397260274,0.010979052
2046.2849315068493,0.017799767
2046.3698630136987,0.025911987
2046.4520547945206,0.04027015
2046.5369863013698,0.07515106
2046.6219178082192,0.11728444
2046.704109589041,0.16188307
2046.7890410958903,0.14936516
2046.8712328767124,0.0953477
2046.9561643835616,0.040950287
2047.041095890411,0.02408667
2047.1205479452055,0.013886751
2047.2027397260274,0.011177935
2047.2849315068493,0.012749455
2047.3698630136987,0.021270048
2047.4520547945206,0.02621201
2047.5369863013698,0.03911293
2047.6219178082192,0.08181936
2047.704109589041,0.17076294
2047.7890410958903,0.1642239
2047.8712328767124,0.09376868
2047.9561643835616,0.047907684
2048.0409836065573,0.023220848
2048.122950819672,0.0129340775
2048.2049180327867,0.008895139
2048.2868852459014,0.015766336
2048.3715846994537,0.02570606
2048.4535519125684,0.036822554
2048.53825136612,0.053415727
2048.622950819672,0.09651206
2048.7049180327867,0.16928856
2048.789617486339,0.17177702
2048.8715846994537,0.10284949
2048.9562841530055,0.043157864
2049.041095890411,0.020164818
2049.1205479452055,0.013827582
2049.202739726027,0.012741413
2049.2849315068493,0.019780908
2049.3698630136987,0.0256084
2049.4520547945203,0.03144728
2049.53698630137,0.055345662
2049.621917808219,0.09652308
2049.7041095890413,0.18778843
2049.7890410958903,0.20491418
2049.8712328767124,0.12876423
2049.956164383562,0.052408483
2050.041095890411,0.025333276
2050.1205479452055,0.012958266
2050.202739726027,0.013180142
2050.2849315068493,0.016134547
2050.3698630136987,0.023688298
2050.4520547945203,0.02959951
2050.53698630137,0.0427717
2050.621917808219,0.113993675
2050.7041095890413,0.22428212
2050.7890410958903,0.18427096
2050.8712328767124,0.10028709
2050.956164383562,0.04325723
2051.041095890411,0.022852432
2051.1205479452055,0.016709942
2051.202739726027,0.013200046
2051.2849315068493,0.01600043
2051.3698630136987,0.025851894
2051.4520547945203,0.030060025
2051.53698630137,0.05072397
2051.621917808219,0.117076196
2051.7041095890413,0.24560747
2051.7890410958903,0.17825109
2051.8712328767124,0.07490831
2051.956164383562,0.034283824
2052.0409836065573,0.01794646
2052.122950819672,0.010529096
2052.2049180327867,0.009986741
2052.2868852459014,0.021148251
2052.3715846994537,0.030647593
2052.4535519125684,0.04161803
2052.53825136612,0.05688895
2052.622950819672,0.098393776
2052.7049180327867,0.12000494
2052.789617486339,0.093726344
2052.8715846994537,0.05397109
2052.9562841530055,0.03121358
2053.041095890411,0.02066949
2053.1205479452055,0.010729983
2053.202739726027,0.010660706
2053.2849315068493,0.016517911
2053.3698630136987,0.027208019
2053.4520547945203,0.035715476
2053.53698630137,0.052563723
2053.621917808219,0.10745513
2053.7041095890413,0.18744545
2053.7890410958903,0.10151974
2053.8712328767124,0.060029
2053.956164383562,0.036000106
2054.041095890411,0.024217151
2054.1205479452055,0.014250697
2054.202739726027,0.011635915
2054.2849315068493,0.02075245
2054.3698630136987,0.028026884
2054.4520547945203,0.03615944
2054.53698630137,0.05196264
2054.621917808219,0.10956497
2054.7041095890413,0.148334
2054.7890410958903,0.15920787
2054.8712328767124,0.06903612
2054.956164383562,0.035739046
2055.041095890411,0.016973857
2055.1205479452055,0.010750617
2055.202739726027,0.010306843
2055.2849315068493,0.017930053
2055.3698630136987,0.026885515
2055.4520547945203,0.034695115
2055.53698630137,0.05206088
2055.621917808219,0.1362334
2055.7041095890413,0.18161203
2055.7890410958903,0.14349376
2055.8712328767124,0.07857374
2055.956164383562,0.036850423
2056.0409836065573,0.01999784
2056.122950819672,0.014019869
2056.2049180327867,0.01241182
2056.2868852459014,0.015361371
2056.3715846994537,0.02617755
2056.4535519125684,0.036363196
2056.53825136612,0.055678204
2056.622950819672,0.096032895
2056.7049180327867,0.1486095
2056.789617486339,0.1811752
2056.8715846994537,0.12409827
2056.9562841530055,0.050220095
2057.041095890411,0.023002198
2057.1205479452055,0.014251223
2057.202739726027,0.010532722
2057.2849315068493,0.012993173
2057.3698630136987,0.021327449
2057.4520547945203,0.026094722
2057.53698630137,0.039807208
2057.621917808219,0.07004705
2057.7041095890413,0.14653797
2057.7890410958903,0.123290315
2057.8712328767124,0.065019734
2057.956164383562,0.036918245
2058.041095890411,0.018458413
2058.1205479452055,0.01380481
2058.202739726027,0.014141962
2058.2849315068493,0.02028276
2058.3698630136987,0.025093464
2058.4520547945203,0.036977813
2058.53698630137,0.07260141
2058.621917808219,0.15394868
2058.7041095890413,0.20485921
2058.7890410958903,0.21638821
2058.8712328767124,0.112572595
2058.956164383562,0.04529953
2059.041095890411,0.021489305
2059.1205479452055,0.01288708
2059.202739726027,0.010387245
2059.2849315068493,0.014534398
2059.3698630136987,0.02340041
2059.4520547945203,0.02756
2059.53698630137,0.034928884
2059.621917808219,0.09734783
2059.7041095890413,0.12483408
2059.7890410958903,0.120148666
2059.8712328767124,0.064180724
2059.956164383562,0.03239912
2060.0409836065573,0.017210273
2060.122950819672,0.012150432
2060.2049180327867,0.012760806
2060.2868852459014,0.020335415
2060.3715846994537,0.02679596
2060.4535519125684,0.03166228
2060.53825136612,0.05181056
2060.622950819672,0.08816577
2060.7049180327867,0.15624274
2060.789617486339,0.11259162
2060.8715846994537,0.048071846
2060.9562841530055,0.027579986
2061.041095890411,0.016481007
2061.1205479452055,0.011247831
2061.202739726027,0.012628685
2061.2849315068493,0.020770866
2061.3698630136987,0.027968355
2061.4520547945203,0.033836935
2061.53698630137,0.040389277
2061.621917808219,0.065605395
2061.7041095890413,0.12052204
2061.7890410958903,0.10417899
2061.8712328767124,0.060055286
2061.956164383562,0.029836243
2062.041095890411,0.0146672195
2062.1205479452055,0.008370832
2062.202739726027,0.010064518
2062.2849315068493,0.016138248
2062.3698630136987,0.023750236
2062.4520547945203,0.031157877
2062.53698630137,0.043953203
2062.621917808219,0.09299551
2062.7041095890413,0.16706675
2062.7890410958903,0.13272582
2062.8712328767124,0.04365017
2062.956164383562,0.026783008
2063.041095890411,0.01690893
2063.1205479452055,0.012120943
2063.202739726027,0.014195323
2063.2849315068493,0.020073634
2063.3698630136987,0.02825248
2063.4520547945203,0.034409832
2063.53698630137,0.045776777
2063.621917808219,0.08206885
2063.7041095890413,0.10594989
2063.7890410958903,0.13683622
2063.8712328767124,0.12424392
2063.956164383562,0.056678712
2064.0409836065573,0.023686366
2064.122950819672,0.013283111
2064.2049180327867,0.010366288
2064.2868852459014,0.013158411
2064.3715846994537,0.022542674
2064.4535519125684,0.03180359
2064.53825136612,0.04652664
2064.622950819672,0.09457469
2064.7049180327867,0.15308732
2064.789617486339,0.13266274
2064.8715846994537,0.0602093
2064.9562841530055,0.028369153
2065.041095890411,0.017970039
2065.1205479452055,0.0111450935
2065.202739726027,0.011969073
2065.2849315068493,0.020098224
2065.3698630136987,0.027924445
2065.4520547945203,0.037914187
2065.53698630137,0.04782804
2065.621917808219,0.07396149
2065.7041095890413,0.12347243
2065.7890410958903,0.13817887
2065.8712328767124,0.05976369
2065.956164383562,0.027380345
2066.041095890411,0.013733548
2066.1205479452055,0.010472416
2066.202739726027,0.01297828
2066.2849315068493,0.021575276
2066.3698630136987,0.026267001
2066.4520547945203,0.028581088
2066.53698630137,0.04375068
2066.621917808219,0.083623104
2066.7041095890413,0.12906906
2066.7890410958903,0.14167416
2066.8712328767124,0.09665277
2066.956164383562,0.042968687
2067.041095890411,0.021085326
2067.1205479452055,0.01543256
2067.202739726027,0.011778918
2067.2849315068493,0.013223818
2067.3698630136987,0.02140314
2067.4520547945203,0.026707446
2067.53698630137,0.03558498
2067.621917808219,0.092211545
2067.7041095890413,0.17419265
2067.7890410958903,0.173891
2067.8712328767124,0.06739446
2067.956164383562,0.03195221
2068.0409836065573,0.01782853
2068.122950819672,0.011629353
2068.2049180327867,0.013705163
2068.2868852459014,0.02342805
2068.3715846994537,0.027084257
2068.4535519125684,0.029092502
2068.53825136612,0.039470367
2068.622950819672,0.081178986
2068.7049180327867,0.08646136
2068.789617486339,0.10135674
2068.8715846994537,0.059589464
2068.9562841530055,0.03405505
2069.041095890411,0.019559944
2069.1205479452055,0.0128689315
2069.202739726027,0.013884148
2069.2849315068493,0.023034029
2069.3698630136987,0.026969623
2069.4520547945203,0.031485703
2069.53698630137,0.052959837
2069.621917808219,0.11668639
2069.7041095890413,0.1695501
2069.7890410958903,0.12543172
2069.8712328767124,0.06964372
2069.956164383562,0.03641801
2070.041095890411,0.020769764
2070.1205479452055,0.012739865
2070.202739726027,0.014636627
2070.2849315068493,0.022015704
2070.3698630136987,0.026625196
2070.4520547945203,0.031264443
2070.53698630137,0.037618414
2070.621917808219,0.056334324
2070.7041095890413,0.10690615
2070.7890410958903,0.10927684
2070.8712328767124,0.08281438
2070.956164383562,0.037383392
