# year, vo_clim
0.00273224043715847,-0.04500515
0.00546448087431694,-0.034995057
0.00819672131147541,-0.036865093
0.01092896174863388,-0.03550968
0.01366120218579235,-0.04491286
0.01639344262295082,-0.028263029
0.01912568306010929,-0.02215097
0.02185792349726776,-0.042231753
0.02459016393442623,-0.055211883
0.0273224043715847,-0.028182019
0.030054644808743168,-0.03666693
0.03278688524590164,-0.05669729
0.03551912568306011,-0.03249746
0.03825136612021858,-0.015309928
0.040983606557377046,-0.047468714
0.04371584699453552,-0.05959233
0.04644808743169399,-0.04970336
0.04918032786885246,-0.037803292
0.05191256830601093,-0.0001961708
0.0546448087431694,-0.05044768
0.05737704918032787,-0.063137606
0.060109289617486336,-0.018561881
0.06284153005464481,-0.030448701
0.06557377049180328,-0.043906085
0.06830601092896176,-0.033414166
0.07103825136612021,-0.03224492
0.07377049180327869,-0.04306971
0.07650273224043716,-0.06976913
0.07923497267759563,-0.022778982
0.08196721311475409,0.0072827996
0.08469945355191257,-0.0090809325
0.08743169398907104,-0.03071956
0.09016393442622951,-0.04448719
0.09289617486338798,-0.041076355
0.09562841530054644,-0.064618744
0.09836065573770492,-0.04406658
0.10109289617486339,-0.020972915
0.10382513661202186,-0.042654395
0.10655737704918032,-0.007971738
0.1092896174863388,-0.0017106123
0.11202185792349727,-0.024033017
0.11475409836065574,-0.03407982
0.11748633879781421,-0.032537602
0.12021857923497267,0.0032725092
0.12295081967213115,-0.008403379
0.12568306010928962,-0.07039867
0.1284153005464481,-0.035531968
0.13114754098360656,-0.0019143723
0.13387978142076504,0.0009078832
0.1366120218579235,-0.04736808
0.13934426229508196,-0.047200195
0.14207650273224043,-0.0028865926
0.1448087431693989,-0.02207605
0.14754098360655737,-0.082372025
0.15027322404371585,-0.041092478
0.15300546448087432,0.0070429556
0.1557377049180328,-0.016967246
0.15846994535519127,-0.028404847
0.16120218579234974,-0.06376757
0.16393442622950818,-0.056015275
0.16666666666666666,-0.041952528
0.16939890710382513,-0.024964605
0.1721311475409836,0.027202684
0.17486338797814208,-0.022653427
0.17759562841530055,-0.08849488
0.18032786885245902,0.006379953
0.1830601092896175,0.019284595
0.18579234972677597,-0.061987408
0.1885245901639344,-0.05126884
0.1912568306010929,-0.032201786
0.19398907103825136,-0.009141529
0.19672131147540983,-0.023067549
0.1994535519125683,-0.043180678
0.20218579234972678,-0.0010748362
0.20491803278688525,0.026582938
0.20765027322404372,-0.044017002
0.2103825136612022,-0.10032841
0.21311475409836064,-0.059032965
0.21584699453551912,0.021686738
0.2185792349726776,-0.019110192
0.22131147540983606,-0.06738605
0.22404371584699453,-0.052289158
0.226775956284153,-0.059644163
0.22950819672131148,0.0076715774
0.23224043715846995,0.01617378
0.23497267759562843,-0.04819057
0.23770491803278687,-0.044179577
0.24043715846994534,-0.036140837
0.24316939890710382,-0.057112556
0.2459016393442623,-0.05089906
0.24863387978142076,-0.045951236
0.25136612021857924,-0.0071318536
0.2540983606557377,0.022984011
0.2568306010928962,-0.041668586
0.25956284153005466,-0.07594891
0.26229508196721313,-0.01766347
0.2650273224043716,-0.03647455
0.2677595628415301,-0.0510545
0.27049180327868855,-0.06267618
0.273224043715847,-0.035712637
0.27595628415300544,-0.02391025
0.2786885245901639,-0.069175355
0.2814207650273224,-0.06902848
0.28415300546448086,-0.015279706
0.28688524590163933,-0.018859122
0.2896174863387978,-0.10079487
0.2923497267759563,-0.043113116
0.29508196721311475,-0.03541548
0.2978142076502732,-0.05111598
0.3005464480874317,-0.017353471
0.30327868852459017,-0.071882054
0.30601092896174864,-0.062410932
0.3087431693989071,-0.03436526
0.3114754098360656,-0.0877205
0.31420765027322406,-0.08894016
0.31693989071038253,-0.023606677
0.319672131147541,-0.065629244
0.3224043715846995,-0.09696192
0.3251366120218579,-0.07263999
0.32786885245901637,-0.06116221
0.33060109289617484,-0.105121255
0.3333333333333333,-0.11228341
0.3360655737704918,-0.07999442
0.33879781420765026,-0.08083945
0.34153005464480873,-0.06221683
0.3442622950819672,-0.08977552
0.3469945355191257,-0.07337166
0.34972677595628415,-0.069539115
0.3524590163934426,-0.09133616
0.3551912568306011,-0.11382179
0.35792349726775957,-0.10214027
0.36065573770491804,-0.062036414
0.3633879781420765,-0.056973707
0.366120218579235,-0.08624277
0.36885245901639346,-0.09133598
0.37158469945355194,-0.072998874
0.3743169398907104,-0.08027337
0.3770491803278688,-0.12356575
0.3797814207650273,-0.11500156
0.3825136612021858,-0.06588702
0.38524590163934425,-0.07766108
0.3879781420765027,-0.09727794
0.3907103825136612,-0.11372493
0.39344262295081966,-0.09926871
0.39617486338797814,-0.078171454
0.3989071038251366,-0.09578458
0.4016393442622951,-0.08188701
0.40437158469945356,-0.06969757
0.40710382513661203,-0.076753974
0.4098360655737705,-0.10686205
0.412568306010929,-0.111975335
0.41530054644808745,-0.08491327
0.4180327868852459,-0.105652
0.4207650273224044,-0.11215053
0.42349726775956287,-0.09248182
0.4262295081967213,-0.100219846
0.42896174863387976,-0.09730853
0.43169398907103823,-0.066596515
0.4344262295081967,-0.059038036
0.4371584699453552,-0.10487427
0.43989071038251365,-0.09869927
0.4426229508196721,-0.06374988
0.4453551912568306,-0.10515332
0.44808743169398907,-0.13179454
0.45081967213114754,-0.10412288
0.453551912568306,-0.07934113
0.4562841530054645,-0.080675356
0.45901639344262296,-0.07904617
0.46174863387978143,-0.07531249
0.4644808743169399,-0.07671853
0.4672131147540984,-0.085495204
0.46994535519125685,-0.091955416
0.4726775956284153,-0.093903996
0.47540983606557374,-0.09916874
0.4781420765027322,-0.09666376
0.4808743169398907,-0.09315182
0.48360655737704916,-0.090765275
0.48633879781420764,-0.09150948
0.4890710382513661,-0.08347735
0.4918032786885246,-0.07812421
0.49453551912568305,-0.07903035
0.4972677595628415,-0.07499437
0.5,-0.059182428
0.5027322404371585,-0.072938606
0.505464480874317,-0.08434245
0.5081967213114754,-0.055054665
0.5109289617486339,-0.04078079
0.5136612021857924,-0.06629881
0.5163934426229508,-0.088039204
0.5191256830601093,-0.06947387
0.5218579234972678,-0.051984716
0.5245901639344263,-0.06414569
0.5273224043715847,-0.07066117
0.5300546448087432,-0.050723433
0.5327868852459017,-0.04322968
0.5355191256830601,-0.034063756
0.5382513661202186,-0.03741052
0.5409836065573771,-0.05530437
0.5437158469945356,-0.062043946
0.546448087431694,-0.06091214
0.5491803278688525,-0.053096067
0.5519125683060109,-0.07111578
0.5546448087431693,-0.08445521
0.5573770491803278,-0.044295102
0.5601092896174863,-0.029103715
0.5628415300546448,-0.046145756
0.5655737704918032,-0.040205903
0.5683060109289617,-0.0453826
0.5710382513661202,-0.051972426
0.5737704918032787,-0.04532068
0.5765027322404371,-0.042527776
0.5792349726775956,-0.017950296
0.5819672131147541,-0.027788633
0.5846994535519126,-0.040094815
0.587431693989071,-0.042308368
0.5901639344262295,-0.039847147
0.592896174863388,-0.025373597
0.5956284153005464,-0.02868694
0.5983606557377049,-0.04949808
0.6010928961748634,-0.04270925
0.6038251366120219,-0.026206318
0.6065573770491803,-0.028594796
0.6092896174863388,-0.038669884
0.6120218579234973,-0.04121538
0.6147540983606558,-0.037300996
0.6174863387978142,-0.015090808
0.6202185792349727,-0.0040123225
0.6229508196721312,-0.03136277
0.6256830601092896,-0.047411583
0.6284153005464481,-0.01549986
0.6311475409836066,0.014771147
0.6338797814207651,0.0060231634
0.6366120218579235,-0.021280294
0.639344262295082,-0.03132814
0.6420765027322405,-0.03286455
0.644808743169399,-0.050971974
0.6475409836065574,-0.034885444
0.6502732240437158,-0.018704873
0.6530054644808743,-0.020098511
0.6557377049180327,-0.018798765
0.6584699453551912,-0.02207342
0.6612021857923497,-0.0087495865
0.6639344262295082,0.004093939
0.6666666666666666,-0.018989291
0.6693989071038251,-0.047702603
0.6721311475409836,-0.043444388
0.674863387978142,-0.02553523
0.6775956284153005,-0.02268681
0.680327868852459,-0.04194002
0.6830601092896175,-0.03703858
0.6857923497267759,-0.018392514
0.6885245901639344,-0.022120833
0.6912568306010929,-0.035570193
0.6939890710382514,-0.04754548
0.6967213114754098,-0.030562956
0.6994535519125683,-0.002649495
0.7021857923497268,-0.0034087026
0.7049180327868853,-0.00030535535
0.7076502732240437,-0.0006908798
0.7103825136612022,-0.025871957
0.7131147540983607,-0.030478835
0.7158469945355191,-0.010160211
0.7185792349726776,-0.019930827
0.7213114754098361,-0.051573813
0.7240437158469946,-0.029521653
0.726775956284153,-0.012181101
0.7295081967213115,-0.0351049
0.73224043715847,-0.04412342
0.7349726775956285,-0.015172111
0.7377049180327869,0.0012223596
0.7404371584699454,-0.018869406
0.7431693989071039,-0.022491587
0.7459016393442623,-0.0005266115
0.7486338797814208,-0.011004898
0.7513661202185792,-0.012985995
0.7540983606557377,-0.017682765
0.7568306010928961,-0.039288785
0.7595628415300546,-0.033894517
0.7622950819672131,-0.00043603778
0.7650273224043715,-0.008747037
0.76775956284153,-0.041606437
0.7704918032786885,-0.018827518
0.773224043715847,-0.0041325903
0.7759562841530054,-0.028280655
0.7786885245901639,-0.035552744
0.7814207650273224,-0.024214555
0.7841530054644809,-0.030472185
0.7868852459016393,-0.023327608
0.7896174863387978,-0.029193774
0.7923497267759563,-0.038775958
0.7950819672131147,-0.02503359
0.7978142076502732,-0.009834287
0.8005464480874317,-0.012479389
0.8032786885245902,-0.0419581
0.8060109289617486,-0.038230397
0.8087431693989071,-0.012327967
0.8114754098360656,-0.02030628
0.8142076502732241,-0.011264506
0.8169398907103825,-0.01854965
0.819672131147541,-0.040029548
0.8224043715846995,-0.005874249
0.825136612021858,0.0035036083
0.8278688524590164,-0.03101195
0.8306010928961749,-0.030294333
0.8333333333333334,-0.011260407
0.8360655737704918,-0.024585517
0.8387978142076503,-0.054582316
0.8415300546448088,-0.057455916
0.8442622950819673,-0.025317447
0.8469945355191257,-0.0078462595
0.8497267759562842,-0.042983722
0.8524590163934426,-0.04884254
0.855191256830601,-0.047835
0.8579234972677595,-0.044482976
0.860655737704918,-0.016494552
0.8633879781420765,-0.02309782
0.8661202185792349,-0.0591036
0.8688524590163934,-0.057330232
0.8715846994535519,-0.01980299
0.8743169398907104,-0.03224841
0.8770491803278688,-0.04586269
0.8797814207650273,-0.019206697
0.8825136612021858,-0.028701432
0.8852459016393442,-0.04670386
0.8879781420765027,-0.049881518
0.8907103825136612,-0.039683912
0.8934426229508197,-0.022639804
0.8961748633879781,-0.026308868
0.8989071038251366,-0.055392466
0.9016393442622951,-0.054245576
0.9043715846994536,-0.020806067
0.907103825136612,-0.024789568
0.9098360655737705,-0.031315286
0.912568306010929,-0.053149186
0.9153005464480874,-0.040427964
0.9180327868852459,-0.022393892
0.9207650273224044,-0.06198434
0.9234972677595629,-0.068895504
0.9262295081967213,-0.031058595
0.9289617486338798,-0.02922923
0.9316939890710383,-0.053131618
0.9344262295081968,-0.0624742
0.9371584699453552,-0.052517645
0.9398907103825137,-0.04088275
0.9426229508196722,-0.044489805
0.9453551912568307,-0.037428748
0.9480874316939891,-0.027350169
0.9508196721311475,-0.04626141
0.953551912568306,-0.05525624
0.9562841530054644,-0.040485118
0.9590163934426229,-0.03325646
0.9617486338797814,-0.032230925
0.9644808743169399,-0.033086978
0.9672131147540983,-0.041453704
0.9699453551912568,-0.04840566
0.9726775956284153,-0.03671395
0.9754098360655737,-0.03396033
0.9781420765027322,-0.059923224
0.9808743169398907,-0.04906305
0.9836065573770492,-0.01944707
0.9863387978142076,-0.025878752
0.9890710382513661,-0.046139006
0.9918032786885246,-0.07010634
0.994535519125683,-0.053260654
0.9972677595628415,-0.022495938
1.0,-0.07024235
1.0027322404371584,-0.04500515
1.005464480874317,-0.034995057
1.0081967213114753,-0.036865093
1.010928961748634,-0.03550968
1.0136612021857923,-0.04491286
1.0163934426229508,-0.028263029
1.0191256830601092,-0.02215097
1.0218579234972678,-0.042231753
1.0245901639344261,-0.055211883
1.0273224043715847,-0.028182019
1.030054644808743,-0.03666693
1.0327868852459017,-0.05669729
1.03551912568306,-0.03249746
1.0382513661202186,-0.015309928
1.040983606557377,-0.047468714
1.0437158469945356,-0.05959233
1.046448087431694,-0.04970336
1.0491803278688525,-0.037803292
1.0519125683060109,-0.0001961708
1.0546448087431695,-0.05044768
1.0573770491803278,-0.063137606
1.0601092896174864,-0.018561881
1.0628415300546448,-0.030448701
1.0655737704918034,-0.043906085
1.0683060109289617,-0.033414166
1.0710382513661203,-0.03224492
1.0737704918032787,-0.04306971
1.0765027322404372,-0.06976913
1.0792349726775956,-0.022778982
1.0819672131147542,0.0072827996
1.0846994535519126,-0.0090809325
1.0874316939890711,-0.03071956
1.0901639344262295,-0.04448719
1.092896174863388,-0.041076355
1.0956284153005464,-0.064618744
1.098360655737705,-0.04406658
1.1010928961748634,-0.020972915
1.1038251366120218,-0.042654395
1.1065573770491803,-0.007971738
1.1092896174863387,-0.0017106123
1.1120218579234973,-0.024033017
1.1147540983606556,-0.03407982
1.1174863387978142,-0.032537602
1.1202185792349726,0.0032725092
1.1229508196721312,-0.008403379
1.1256830601092895,-0.07039867
1.1284153005464481,-0.035531968
1.1311475409836065,-0.0019143723
1.133879781420765,0.0009078832
1.1366120218579234,-0.04736808
1.139344262295082,-0.047200195
1.1420765027322404,-0.0028865926
1.144808743169399,-0.02207605
1.1475409836065573,-0.082372025
1.150273224043716,-0.041092478
1.1530054644808743,0.0070429556
1.1557377049180328,-0.016967246
1.1584699453551912,-0.028404847
1.1612021857923498,-0.06376757
1.1639344262295082,-0.056015275
1.1666666666666667,-0.041952528
1.169398907103825,-0.024964605
1.1721311475409837,0.027202684
1.174863387978142,-0.022653427
1.1775956284153006,-0.08849488
1.180327868852459,0.006379953
1.1830601092896176,0.019284595
1.185792349726776,-0.061987408
1.1885245901639343,-0.05126884
1.1912568306010929,-0.032201786
1.1939890710382515,-0.009141529
1.1967213114754098,-0.023067549
1.1994535519125682,-0.043180678
1.2021857923497268,-0.0010748362
1.2049180327868854,0.026582938
1.2076502732240437,-0.044017002
1.210382513661202,-0.10032841
1.2131147540983607,-0.059032965
1.215846994535519,0.021686738
1.2185792349726776,-0.019110192
1.221311475409836,-0.06738605
1.2240437158469946,-0.052289158
1.226775956284153,-0.059644163
1.2295081967213115,0.0076715774
1.2322404371584699,0.01617378
1.2349726775956285,-0.04819057
1.2377049180327868,-0.044179577
1.2404371584699454,-0.036140837
1.2431693989071038,-0.057112556
1.2459016393442623,-0.05089906
1.2486338797814207,-0.045951236
1.2513661202185793,-0.0071318536
1.2540983606557377,0.022984011
1.2568306010928962,-0.041668586
1.2595628415300546,-0.07594891
1.2622950819672132,-0.01766347
1.2650273224043715,-0.03647455
1.2677595628415301,-0.0510545
1.2704918032786885,-0.06267618
1.273224043715847,-0.035712637
1.2759562841530054,-0.02391025
1.278688524590164,-0.069175355
1.2814207650273224,-0.06902848
1.2841530054644807,-0.015279706
1.2868852459016393,-0.018859122
1.289617486338798,-0.10079487
1.2923497267759563,-0.043113116
1.2950819672131146,-0.03541548
1.2978142076502732,-0.05111598
1.3005464480874318,-0.017353471
1.3032786885245902,-0.071882054
1.3060109289617485,-0.062410932
1.3087431693989071,-0.03436526
1.3114754098360657,-0.0877205
1.314207650273224,-0.08894016
1.3169398907103824,-0.023606677
1.319672131147541,-0.065629244
1.3224043715846996,-0.09696192
1.325136612021858,-0.07263999
1.3278688524590163,-0.06116221
1.330601092896175,-0.105121255
1.3333333333333333,-0.11228341
1.3360655737704918,-0.07999442
1.3387978142076502,-0.08083945
1.3415300546448088,-0.06221683
1.3442622950819672,-0.08977552
1.3469945355191257,-0.07337166
1.349726775956284,-0.069539115
1.3524590163934427,-0.09133616
1.355191256830601,-0.11382179
1.3579234972677596,-0.10214027
1.360655737704918,-0.062036414
1.3633879781420766,-0.056973707
1.366120218579235,-0.08624277
1.3688524590163935,-0.09133598
1.3715846994535519,-0.072998874
1.3743169398907105,-0.08027337
1.3770491803278688,-0.12356575
1.3797814207650272,-0.11500156
1.3825136612021858,-0.06588702
1.3852459016393444,-0.07766108
1.3879781420765027,-0.09727794
1.390710382513661,-0.11372493
1.3934426229508197,-0.09926871
1.3961748633879782,-0.078171454
1.3989071038251366,-0.09578458
1.401639344262295,-0.08188701
1.4043715846994536,-0.06969757
1.4071038251366121,-0.076753974
1.4098360655737705,-0.10686205
1.4125683060109289,-0.111975335
1.4153005464480874,-0.08491327
1.418032786885246,-0.105652
1.4207650273224044,-0.11215053
1.4234972677595628,-0.09248182
1.4262295081967213,-0.100219846
1.4289617486338797,-0.09730853
1.4316939890710383,-0.066596515
1.4344262295081966,-0.059038036
1.4371584699453552,-0.10487427
1.4398907103825136,-0.09869927
1.4426229508196722,-0.06374988
1.4453551912568305,-0.10515332
1.4480874316939891,-0.13179454
1.4508196721311475,-0.10412288
1.453551912568306,-0.07934113
1.4562841530054644,-0.080675356
1.459016393442623,-0.07904617
1.4617486338797814,-0.07531249
1.46448087431694,-0.07671853
1.4672131147540983,-0.085495204
1.469945355191257,-0.091955416
1.4726775956284153,-0.093903996
1.4754098360655736,-0.09916874
1.4781420765027322,-0.09666376
1.4808743169398908,-0.09315182
1.4836065573770492,-0.090765275
1.4863387978142075,-0.09150948
1.489071038251366,-0.08347735
1.4918032786885247,-0.07812421
1.494535519125683,-0.07903035
1.4972677595628414,-0.07499437
1.5,-0.059182428
1.5027322404371586,-0.072938606
1.505464480874317,-0.08434245
1.5081967213114753,-0.055054665
1.510928961748634,-0.04078079
1.5136612021857925,-0.06629881
1.5163934426229508,-0.088039204
1.5191256830601092,-0.06947387
1.5218579234972678,-0.051984716
1.5245901639344264,-0.06414569
1.5273224043715847,-0.07066117
1.530054644808743,-0.050723433
1.5327868852459017,-0.04322968
1.5355191256830603,-0.034063756
1.5382513661202186,-0.03741052
1.540983606557377,-0.05530437
1.5437158469945356,-0.062043946
1.5464480874316942,-0.06091214
1.5491803278688525,-0.053096067
1.5519125683060109,-0.07111578
1.5546448087431695,-0.08445521
1.5573770491803278,-0.044295102
1.5601092896174862,-0.029103715
1.5628415300546448,-0.046145756
1.5655737704918034,-0.040205903
1.5683060109289617,-0.0453826
1.57103825136612,-0.051972426
1.5737704918032787,-0.04532068
1.5765027322404372,-0.042527776
1.5792349726775956,-0.017950296
1.581967213114754,-0.027788633
1.5846994535519126,-0.040094815
1.5874316939890711,-0.042308368
1.5901639344262295,-0.039847147
1.5928961748633879,-0.025373597
1.5956284153005464,-0.02868694
1.598360655737705,-0.04949808
1.6010928961748634,-0.04270925
1.6038251366120218,-0.026206318
1.6065573770491803,-0.028594796
1.609289617486339,-0.038669884
1.6120218579234973,-0.04121538
1.6147540983606556,-0.037300996
1.6174863387978142,-0.015090808
1.6202185792349728,-0.0040123225
1.6229508196721312,-0.03136277
1.6256830601092895,-0.047411583
1.6284153005464481,-0.01549986
1.6311475409836067,0.014771147
1.633879781420765,0.0060231634
1.6366120218579234,-0.021280294
1.639344262295082,-0.03132814
1.6420765027322406,-0.03286455
1.644808743169399,-0.050971974
1.6475409836065573,-0.034885444
1.650273224043716,-0.018704873
1.6530054644808743,-0.020098511
1.6557377049180326,-0.018798765
1.6584699453551912,-0.02207342
1.6612021857923498,-0.0087495865
1.6639344262295082,0.004093939
1.6666666666666665,-0.018989291
1.669398907103825,-0.047702603
1.6721311475409837,-0.043444388
1.674863387978142,-0.02553523
1.6775956284153004,-0.02268681
1.680327868852459,-0.04194002
1.6830601092896176,-0.03703858
1.685792349726776,-0.018392514
1.6885245901639343,-0.022120833
1.6912568306010929,-0.035570193
1.6939890710382515,-0.04754548
1.6967213114754098,-0.030562956
1.6994535519125682,-0.002649495
1.7021857923497268,-0.0034087026
1.7049180327868854,-0.00030535535
1.7076502732240437,-0.0006908798
1.710382513661202,-0.025871957
1.7131147540983607,-0.030478835
1.7158469945355193,-0.010160211
1.7185792349726776,-0.019930827
1.721311475409836,-0.051573813
1.7240437158469946,-0.029521653
1.7267759562841531,-0.012181101
1.7295081967213115,-0.0351049
1.7322404371584699,-0.04412342
1.7349726775956285,-0.015172111
1.737704918032787,0.0012223596
1.7404371584699454,-0.018869406
1.7431693989071038,-0.022491587
1.7459016393442623,-0.0005266115
1.748633879781421,-0.011004898
1.751366120218579,-0.012985995
1.7540983606557377,-0.017682765
1.7568306010928962,-0.039288785
1.7595628415300546,-0.033894517
1.762295081967213,-0.00043603778
1.7650273224043715,-0.008747037
1.7677595628415301,-0.041606437
1.7704918032786885,-0.018827518
1.7732240437158469,-0.0041325903
1.7759562841530054,-0.028280655
1.778688524590164,-0.035552744
1.7814207650273224,-0.024214555
1.7841530054644807,-0.030472185
1.7868852459016393,-0.023327608
1.789617486338798,-0.029193774
1.7923497267759563,-0.038775958
1.7950819672131146,-0.02503359
1.7978142076502732,-0.009834287
1.8005464480874318,-0.012479389
1.8032786885245902,-0.0419581
1.8060109289617485,-0.038230397
1.8087431693989071,-0.012327967
1.8114754098360657,-0.02030628
1.814207650273224,-0.011264506
1.8169398907103824,-0.01854965
1.819672131147541,-0.040029548
1.8224043715846996,-0.005874249
1.825136612021858,0.0035036083
1.8278688524590163,-0.03101195
1.830601092896175,-0.030294333
1.8333333333333335,-0.011260407
1.8360655737704918,-0.024585517
1.8387978142076502,-0.054582316
1.8415300546448088,-0.057455916
1.8442622950819674,-0.025317447
1.8469945355191257,-0.0078462595
1.849726775956284,-0.042983722
1.8524590163934427,-0.04884254
1.855191256830601,-0.047835
1.8579234972677594,-0.044482976
1.860655737704918,-0.016494552
1.8633879781420766,-0.02309782
1.866120218579235,-0.0591036
1.8688524590163933,-0.057330232
1.8715846994535519,-0.01980299
1.8743169398907105,-0.03224841
1.8770491803278688,-0.04586269
1.8797814207650272,-0.019206697
1.8825136612021858,-0.028701432
1.8852459016393444,-0.04670386
1.8879781420765027,-0.049881518
1.890710382513661,-0.039683912
1.8934426229508197,-0.022639804
1.8961748633879782,-0.026308868
1.8989071038251366,-0.055392466
1.901639344262295,-0.054245576
1.9043715846994536,-0.020806067
1.9071038251366121,-0.024789568
1.9098360655737705,-0.031315286
1.9125683060109289,-0.053149186
1.9153005464480874,-0.040427964
1.918032786885246,-0.022393892
1.9207650273224044,-0.06198434
1.9234972677595628,-0.068895504
1.9262295081967213,-0.031058595
1.92896174863388,-0.02922923
1.9316939890710383,-0.053131618
1.9344262295081966,-0.0624742
1.9371584699453552,-0.052517645
1.9398907103825138,-0.04088275
1.9426229508196722,-0.044489805
1.9453551912568305,-0.037428748
1.9480874316939891,-0.027350169
1.9508196721311475,-0.04626141
1.9535519125683058,-0.05525624
1.9562841530054644,-0.040485118
1.959016393442623,-0.03325646
1.9617486338797814,-0.032230925
1.9644808743169397,-0.033086978
1.9672131147540983,-0.041453704
1.969945355191257,-0.04840566
1.9726775956284153,-0.03671395
1.9754098360655736,-0.03396033
1.9781420765027322,-0.059923224
1.9808743169398908,-0.04906305
1.9836065573770492,-0.01944707
1.9863387978142075,-0.025878752
1.989071038251366,-0.046139006
1.9918032786885247,-0.07010634
1.994535519125683,-0.053260654
1.9972677595628414,-0.022495938
2.0,-0.07024235
2.0027322404371586,-0.04500515
2.0054644808743167,-0.034995057
2.0081967213114753,-0.036865093
2.010928961748634,-0.03550968
2.0136612021857925,-0.04491286
2.0163934426229506,-0.028263029
2.019125683060109,-0.02215097
2.021857923497268,-0.042231753
2.0245901639344264,-0.055211883
2.0273224043715845,-0.028182019
2.030054644808743,-0.03666693
2.0327868852459017,-0.05669729
2.0355191256830603,-0.03249746
2.0382513661202184,-0.015309928
2.040983606557377,-0.047468714
2.0437158469945356,-0.05959233
2.046448087431694,-0.04970336
2.0491803278688523,-0.037803292
2.051912568306011,-0.0001961708
2.0546448087431695,-0.05044768
2.057377049180328,-0.063137606
2.060109289617486,-0.018561881
2.0628415300546448,-0.030448701
2.0655737704918034,-0.043906085
2.068306010928962,-0.033414166
2.07103825136612,-0.03224492
2.0737704918032787,-0.04306971
2.0765027322404372,-0.06976913
2.079234972677596,-0.022778982
2.081967213114754,0.0072827996
2.0846994535519126,-0.0090809325
2.087431693989071,-0.03071956
2.0901639344262297,-0.04448719
2.092896174863388,-0.041076355
2.0956284153005464,-0.064618744
2.098360655737705,-0.04406658
2.1010928961748636,-0.020972915
2.1038251366120218,-0.042654395
2.1065573770491803,-0.007971738
2.109289617486339,-0.0017106123
2.112021857923497,-0.024033017
2.1147540983606556,-0.03407982
2.1174863387978142,-0.032537602
2.120218579234973,0.0032725092
2.122950819672131,-0.008403379
2.1256830601092895,-0.07039867
2.128415300546448,-0.035531968
2.1311475409836067,-0.0019143723
2.133879781420765,0.0009078832
2.1366120218579234,-0.04736808
2.139344262295082,-0.047200195
2.1420765027322406,-0.0028865926
2.1448087431693987,-0.02207605
2.1475409836065573,-0.082372025
2.150273224043716,-0.041092478
2.1530054644808745,0.0070429556
2.1557377049180326,-0.016967246
2.158469945355191,-0.028404847
2.16120218579235,-0.06376757
2.1639344262295084,-0.056015275
2.1666666666666665,-0.041952528
2.169398907103825,-0.024964605
2.1721311475409837,0.027202684
2.1748633879781423,-0.022653427
2.1775956284153004,-0.08849488
2.180327868852459,0.006379953
2.1830601092896176,0.019284595
2.185792349726776,-0.061987408
2.1885245901639343,-0.05126884
2.191256830601093,-0.032201786
2.1939890710382515,-0.009141529
2.19672131147541,-0.023067549
2.199453551912568,-0.043180678
2.202185792349727,-0.0010748362
2.2049180327868854,0.026582938
2.2076502732240435,-0.044017002
2.210382513661202,-0.10032841
2.2131147540983607,-0.059032965
2.2158469945355193,0.021686738
2.2185792349726774,-0.019110192
2.221311475409836,-0.06738605
2.2240437158469946,-0.052289158
2.226775956284153,-0.059644163
2.2295081967213113,0.0076715774
2.23224043715847,0.01617378
2.2349726775956285,-0.04819057
2.237704918032787,-0.044179577
2.240437158469945,-0.036140837
2.2431693989071038,-0.057112556
2.2459016393442623,-0.05089906
2.248633879781421,-0.045951236
2.251366120218579,-0.0071318536
2.2540983606557377,0.022984011
2.2568306010928962,-0.041668586
2.259562841530055,-0.07594891
2.262295081967213,-0.01766347
2.2650273224043715,-0.03647455
2.26775956284153,-0.0510545
2.2704918032786887,-0.06267618
2.273224043715847,-0.035712637
2.2759562841530054,-0.02391025
2.278688524590164,-0.069175355
2.281420765027322,-0.06902848
2.2841530054644807,-0.015279706
2.2868852459016393,-0.018859122
2.289617486338798,-0.10079487
2.2923497267759565,-0.043113116
2.2950819672131146,-0.03541548
2.297814207650273,-0.05111598
2.300546448087432,-0.017353471
2.30327868852459,-0.071882054
2.3060109289617485,-0.062410932
2.308743169398907,-0.03436526
2.3114754098360657,-0.0877205
2.3142076502732243,-0.08894016
2.3169398907103824,-0.023606677
2.319672131147541,-0.065629244
2.3224043715846996,-0.09696192
2.3251366120218577,-0.07263999
2.3278688524590163,-0.06116221
2.330601092896175,-0.105121255
2.3333333333333335,-0.11228341
2.3360655737704916,-0.07999442
2.33879781420765,-0.08083945
2.341530054644809,-0.06221683
2.3442622950819674,-0.08977552
2.3469945355191255,-0.07337166
2.349726775956284,-0.069539115
2.3524590163934427,-0.09133616
2.3551912568306013,-0.11382179
2.3579234972677594,-0.10214027
2.360655737704918,-0.062036414
2.3633879781420766,-0.056973707
2.366120218579235,-0.08624277
2.3688524590163933,-0.09133598
2.371584699453552,-0.072998874
2.3743169398907105,-0.08027337
2.3770491803278686,-0.12356575
2.379781420765027,-0.11500156
2.3825136612021858,-0.06588702
2.3852459016393444,-0.07766108
2.387978142076503,-0.09727794
2.390710382513661,-0.11372493
2.3934426229508197,-0.09926871
2.3961748633879782,-0.078171454
2.3989071038251364,-0.09578458
2.401639344262295,-0.08188701
2.4043715846994536,-0.06969757
2.407103825136612,-0.076753974
2.4098360655737707,-0.10686205
2.412568306010929,-0.111975335
2.4153005464480874,-0.08491327
2.418032786885246,-0.105652
2.420765027322404,-0.11215053
2.4234972677595628,-0.09248182
2.4262295081967213,-0.100219846
2.42896174863388,-0.09730853
2.431693989071038,-0.066596515
2.4344262295081966,-0.059038036
2.4371584699453552,-0.10487427
2.439890710382514,-0.09869927
2.442622950819672,-0.06374988
2.4453551912568305,-0.10515332
2.448087431693989,-0.13179454
2.4508196721311477,-0.10412288
2.453551912568306,-0.07934113
2.4562841530054644,-0.080675356
2.459016393442623,-0.07904617
2.4617486338797816,-0.07531249
2.4644808743169397,-0.07671853
2.4672131147540983,-0.085495204
2.469945355191257,-0.091955416
2.4726775956284155,-0.093903996
2.4754098360655736,-0.09916874
2.478142076502732,-0.09666376
2.480874316939891,-0.09315182
2.4836065573770494,-0.090765275
2.4863387978142075,-0.09150948
2.489071038251366,-0.08347735
2.4918032786885247,-0.07812421
2.494535519125683,-0.07903035
2.4972677595628414,-0.07499437
2.5,-0.059182428
2.5027322404371586,-0.072938606
2.505464480874317,-0.08434245
2.5081967213114753,-0.055054665
2.510928961748634,-0.04078079
2.5136612021857925,-0.06629881
2.5163934426229506,-0.088039204
2.519125683060109,-0.06947387
2.521857923497268,-0.051984716
2.5245901639344264,-0.06414569
2.527322404371585,-0.07066117
2.530054644808743,-0.050723433
2.5327868852459017,-0.04322968
2.5355191256830603,-0.034063756
2.5382513661202184,-0.03741052
2.540983606557377,-0.05530437
2.5437158469945356,-0.062043946
2.546448087431694,-0.06091214
2.5491803278688527,-0.053096067
2.551912568306011,-0.07111578
2.5546448087431695,-0.08445521
2.557377049180328,-0.044295102
2.560109289617486,-0.029103715
2.5628415300546448,-0.046145756
2.5655737704918034,-0.040205903
2.5683060109289615,-0.0453826
2.57103825136612,-0.051972426
2.5737704918032787,-0.04532068
2.5765027322404372,-0.042527776
2.579234972677596,-0.017950296
2.581967213114754,-0.027788633
2.5846994535519126,-0.040094815
2.587431693989071,-0.042308368
2.5901639344262293,-0.039847147
2.592896174863388,-0.025373597
2.5956284153005464,-0.02868694
2.598360655737705,-0.04949808
2.6010928961748636,-0.04270925
2.6038251366120218,-0.026206318
2.6065573770491803,-0.028594796
2.609289617486339,-0.038669884
2.612021857923497,-0.04121538
2.6147540983606556,-0.037300996
2.6174863387978142,-0.015090808
2.620218579234973,-0.0040123225
2.6229508196721314,-0.03136277
2.6256830601092895,-0.047411583
2.628415300546448,-0.01549986
2.6311475409836067,0.014771147
2.633879781420765,0.0060231634
2.6366120218579234,-0.021280294
2.639344262295082,-0.03132814
2.6420765027322406,-0.03286455
2.644808743169399,-0.050971974
2.6475409836065573,-0.034885444
2.650273224043716,-0.018704873
2.6530054644808745,-0.020098511
2.6557377049180326,-0.018798765
2.658469945355191,-0.02207342
2.66120218579235,-0.0087495865
2.663934426229508,0.004093939
2.6666666666666665,-0.018989291
2.669398907103825,-0.047702603
2.6721311475409837,-0.043444388
2.6748633879781423,-0.02553523
2.6775956284153004,-0.02268681
2.680327868852459,-0.04194002
2.6830601092896176,-0.03703858
2.6857923497267757,-0.018392514
2.6885245901639343,-0.022120833
2.691256830601093,-0.035570193
2.6939890710382515,-0.04754548
2.69672131147541,-0.030562956
2.699453551912568,-0.002649495
2.702185792349727,-0.0034087026
2.7049180327868854,-0.00030535535
2.7076502732240435,-0.0006908798
2.710382513661202,-0.025871957
2.7131147540983607,-0.030478835
2.7158469945355193,-0.010160211
2.718579234972678,-0.019930827
2.721311475409836,-0.051573813
2.7240437158469946,-0.029521653
2.726775956284153,-0.012181101
2.7295081967213113,-0.0351049
2.73224043715847,-0.04412342
2.7349726775956285,-0.015172111
2.737704918032787,0.0012223596
2.7404371584699456,-0.018869406
2.7431693989071038,-0.022491587
2.7459016393442623,-0.0005266115
2.748633879781421,-0.011004898
2.751366120218579,-0.012985995
2.7540983606557377,-0.017682765
2.7568306010928962,-0.039288785
2.7595628415300544,-0.033894517
2.762295081967213,-0.00043603778
2.7650273224043715,-0.008747037
2.76775956284153,-0.041606437
2.7704918032786887,-0.018827518
2.773224043715847,-0.0041325903
2.7759562841530054,-0.028280655
2.778688524590164,-0.035552744
2.781420765027322,-0.024214555
2.7841530054644807,-0.030472185
2.7868852459016393,-0.023327608
2.789617486338798,-0.029193774
2.7923497267759565,-0.038775958
2.7950819672131146,-0.02503359
2.797814207650273,-0.009834287
2.800546448087432,-0.012479389
2.80327868852459,-0.0419581
2.8060109289617485,-0.038230397
2.808743169398907,-0.012327967
2.8114754098360657,-0.02030628
2.8142076502732243,-0.011264506
2.8169398907103824,-0.01854965
2.819672131147541,-0.040029548
2.8224043715846996,-0.005874249
2.8251366120218577,0.0035036083
2.8278688524590163,-0.03101195
2.830601092896175,-0.030294333
2.8333333333333335,-0.011260407
2.836065573770492,-0.024585517
2.83879781420765,-0.054582316
2.841530054644809,-0.057455916
2.8442622950819674,-0.025317447
2.8469945355191255,-0.0078462595
2.849726775956284,-0.042983722
2.8524590163934427,-0.04884254
2.855191256830601,-0.047835
2.8579234972677594,-0.044482976
2.860655737704918,-0.016494552
2.8633879781420766,-0.02309782
2.866120218579235,-0.0591036
2.8688524590163933,-0.057330232
2.871584699453552,-0.01980299
2.8743169398907105,-0.03224841
2.8770491803278686,-0.04586269
2.879781420765027,-0.019206697
2.8825136612021858,-0.028701432
2.8852459016393444,-0.04670386
2.887978142076503,-0.049881518
2.890710382513661,-0.039683912
2.8934426229508197,-0.022639804
2.8961748633879782,-0.026308868
2.8989071038251364,-0.055392466
2.901639344262295,-0.054245576
2.9043715846994536,-0.020806067
2.907103825136612,-0.024789568
2.9098360655737707,-0.031315286
2.912568306010929,-0.053149186
2.9153005464480874,-0.040427964
2.918032786885246,-0.022393892
2.920765027322404,-0.06198434
2.9234972677595628,-0.068895504
2.9262295081967213,-0.031058595
2.92896174863388,-0.02922923
2.9316939890710385,-0.053131618
2.9344262295081966,-0.0624742
2.9371584699453552,-0.052517645
2.939890710382514,-0.04088275
2.942622950819672,-0.044489805
2.9453551912568305,-0.037428748
2.948087431693989,-0.027350169
2.9508196721311473,-0.04626141
2.953551912568306,-0.05525624
2.9562841530054644,-0.040485118
2.959016393442623,-0.03325646
2.9617486338797816,-0.032230925
2.9644808743169397,-0.033086978
2.9672131147540983,-0.041453704
2.969945355191257,-0.04840566
2.972677595628415,-0.03671395
2.9754098360655736,-0.03396033
2.978142076502732,-0.059923224
2.980874316939891,-0.04906305
2.9836065573770494,-0.01944707
2.9863387978142075,-0.025878752
2.989071038251366,-0.046139006
2.9918032786885247,-0.07010634
2.994535519125683,-0.053260654
2.9972677595628414,-0.022495938
3.0,-0.07024235
3.0027322404371586,-0.04500515
3.0054644808743167,-0.034995057
3.0081967213114753,-0.036865093
3.010928961748634,-0.03550968
3.0136612021857925,-0.04491286
3.0163934426229506,-0.028263029
3.019125683060109,-0.02215097
3.021857923497268,-0.042231753
3.0245901639344264,-0.055211883
3.0273224043715845,-0.028182019
3.030054644808743,-0.03666693
3.0327868852459017,-0.05669729
3.0355191256830603,-0.03249746
3.0382513661202184,-0.015309928
3.040983606557377,-0.047468714
3.0437158469945356,-0.05959233
3.046448087431694,-0.04970336
3.0491803278688523,-0.037803292
3.051912568306011,-0.0001961708
3.0546448087431695,-0.05044768
3.057377049180328,-0.063137606
3.060109289617486,-0.018561881
3.0628415300546448,-0.030448701
3.0655737704918034,-0.043906085
3.068306010928962,-0.033414166
3.07103825136612,-0.03224492
3.0737704918032787,-0.04306971
3.0765027322404372,-0.06976913
3.079234972677596,-0.022778982
3.081967213114754,0.0072827996
3.0846994535519126,-0.0090809325
3.087431693989071,-0.03071956
3.0901639344262297,-0.04448719
3.092896174863388,-0.041076355
3.0956284153005464,-0.064618744
3.098360655737705,-0.04406658
3.1010928961748636,-0.020972915
3.1038251366120218,-0.042654395
3.1065573770491803,-0.007971738
3.109289617486339,-0.0017106123
3.112021857923497,-0.024033017
3.1147540983606556,-0.03407982
3.1174863387978142,-0.032537602
3.120218579234973,0.0032725092
3.122950819672131,-0.008403379
3.1256830601092895,-0.07039867
3.128415300546448,-0.035531968
3.1311475409836067,-0.0019143723
3.133879781420765,0.0009078832
3.1366120218579234,-0.04736808
3.139344262295082,-0.047200195
3.1420765027322406,-0.0028865926
3.1448087431693987,-0.02207605
3.1475409836065573,-0.082372025
3.150273224043716,-0.041092478
3.1530054644808745,0.0070429556
3.1557377049180326,-0.016967246
3.158469945355191,-0.028404847
3.16120218579235,-0.06376757
3.1639344262295084,-0.056015275
3.1666666666666665,-0.041952528
3.169398907103825,-0.024964605
3.1721311475409837,0.027202684
3.1748633879781423,-0.022653427
3.1775956284153004,-0.08849488
3.180327868852459,0.006379953
3.1830601092896176,0.019284595
3.185792349726776,-0.061987408
3.1885245901639343,-0.05126884
3.191256830601093,-0.032201786
3.1939890710382515,-0.009141529
3.19672131147541,-0.023067549
3.199453551912568,-0.043180678
3.202185792349727,-0.0010748362
3.2049180327868854,0.026582938
3.2076502732240435,-0.044017002
3.210382513661202,-0.10032841
3.2131147540983607,-0.059032965
3.2158469945355193,0.021686738
3.2185792349726774,-0.019110192
3.221311475409836,-0.06738605
3.2240437158469946,-0.052289158
3.226775956284153,-0.059644163
3.2295081967213113,0.0076715774
3.23224043715847,0.01617378
3.2349726775956285,-0.04819057
3.237704918032787,-0.044179577
3.240437158469945,-0.036140837
3.2431693989071038,-0.057112556
3.2459016393442623,-0.05089906
3.248633879781421,-0.045951236
3.251366120218579,-0.0071318536
3.2540983606557377,0.022984011
3.2568306010928962,-0.041668586
3.259562841530055,-0.07594891
3.262295081967213,-0.01766347
3.2650273224043715,-0.03647455
3.26775956284153,-0.0510545
3.2704918032786887,-0.06267618
3.273224043715847,-0.035712637
3.2759562841530054,-0.02391025
3.278688524590164,-0.069175355
3.281420765027322,-0.06902848
3.2841530054644807,-0.015279706
3.2868852459016393,-0.018859122
3.289617486338798,-0.10079487
3.2923497267759565,-0.043113116
3.2950819672131146,-0.03541548
3.297814207650273,-0.05111598
3.300546448087432,-0.017353471
3.30327868852459,-0.071882054
3.3060109289617485,-0.062410932
3.308743169398907,-0.03436526
3.3114754098360657,-0.0877205
3.3142076502732243,-0.08894016
3.3169398907103824,-0.023606677
3.319672131147541,-0.065629244
3.3224043715846996,-0.09696192
3.3251366120218577,-0.07263999
3.3278688524590163,-0.06116221
3.330601092896175,-0.105121255
3.3333333333333335,-0.11228341
3.3360655737704916,-0.07999442
3.33879781420765,-0.08083945
3.341530054644809,-0.06221683
3.3442622950819674,-0.08977552
3.3469945355191255,-0.07337166
3.349726775956284,-0.069539115
3.3524590163934427,-0.09133616
3.3551912568306013,-0.11382179
3.3579234972677594,-0.10214027
3.360655737704918,-0.062036414
3.3633879781420766,-0.056973707
3.366120218579235,-0.08624277
3.3688524590163933,-0.09133598
3.371584699453552,-0.072998874
3.3743169398907105,-0.08027337
3.3770491803278686,-0.12356575
3.379781420765027,-0.11500156
3.3825136612021858,-0.06588702
3.3852459016393444,-0.07766108
3.387978142076503,-0.09727794
3.390710382513661,-0.11372493
3.3934426229508197,-0.09926871
3.3961748633879782,-0.078171454
3.3989071038251364,-0.09578458
3.401639344262295,-0.08188701
3.4043715846994536,-0.06969757
3.407103825136612,-0.076753974
3.4098360655737707,-0.10686205
3.412568306010929,-0.111975335
3.4153005464480874,-0.08491327
3.418032786885246,-0.105652
3.420765027322404,-0.11215053
3.4234972677595628,-0.09248182
3.4262295081967213,-0.100219846
3.42896174863388,-0.09730853
3.431693989071038,-0.066596515
3.4344262295081966,-0.059038036
3.4371584699453552,-0.10487427
3.439890710382514,-0.09869927
3.442622950819672,-0.06374988
3.4453551912568305,-0.10515332
3.448087431693989,-0.13179454
3.4508196721311477,-0.10412288
3.453551912568306,-0.07934113
3.4562841530054644,-0.080675356
3.459016393442623,-0.07904617
3.4617486338797816,-0.07531249
3.4644808743169397,-0.07671853
3.4672131147540983,-0.085495204
3.469945355191257,-0.091955416
3.4726775956284155,-0.093903996
3.4754098360655736,-0.09916874
3.478142076502732,-0.09666376
3.480874316939891,-0.09315182
3.4836065573770494,-0.090765275
3.4863387978142075,-0.09150948
3.489071038251366,-0.08347735
3.4918032786885247,-0.07812421
3.494535519125683,-0.07903035
3.4972677595628414,-0.07499437
3.5,-0.059182428
3.5027322404371586,-0.072938606
3.505464480874317,-0.08434245
3.5081967213114753,-0.055054665
3.510928961748634,-0.04078079
3.5136612021857925,-0.06629881
3.5163934426229506,-0.088039204
3.519125683060109,-0.06947387
3.521857923497268,-0.051984716
3.5245901639344264,-0.06414569
3.527322404371585,-0.07066117
3.530054644808743,-0.050723433
3.5327868852459017,-0.04322968
3.5355191256830603,-0.034063756
3.5382513661202184,-0.03741052
3.540983606557377,-0.05530437
3.5437158469945356,-0.062043946
3.546448087431694,-0.06091214
3.5491803278688527,-0.053096067
3.551912568306011,-0.07111578
3.5546448087431695,-0.08445521
3.557377049180328,-0.044295102
3.560109289617486,-0.029103715
3.5628415300546448,-0.046145756
3.5655737704918034,-0.040205903
3.5683060109289615,-0.0453826
3.57103825136612,-0.051972426
3.5737704918032787,-0.04532068
3.5765027322404372,-0.042527776
3.579234972677596,-0.017950296
3.581967213114754,-0.027788633
3.5846994535519126,-0.040094815
3.587431693989071,-0.042308368
3.5901639344262293,-0.039847147
3.592896174863388,-0.025373597
3.5956284153005464,-0.02868694
3.598360655737705,-0.04949808
3.6010928961748636,-0.04270925
3.6038251366120218,-0.026206318
3.6065573770491803,-0.028594796
3.609289617486339,-0.038669884
3.612021857923497,-0.04121538
3.6147540983606556,-0.037300996
3.6174863387978142,-0.015090808
3.620218579234973,-0.0040123225
3.6229508196721314,-0.03136277
3.6256830601092895,-0.047411583
3.628415300546448,-0.01549986
3.6311475409836067,0.014771147
3.633879781420765,0.0060231634
3.6366120218579234,-0.021280294
3.639344262295082,-0.03132814
3.6420765027322406,-0.03286455
3.644808743169399,-0.050971974
3.6475409836065573,-0.034885444
3.650273224043716,-0.018704873
3.6530054644808745,-0.020098511
3.6557377049180326,-0.018798765
3.658469945355191,-0.02207342
3.66120218579235,-0.0087495865
3.663934426229508,0.004093939
3.6666666666666665,-0.018989291
3.669398907103825,-0.047702603
3.6721311475409837,-0.043444388
3.6748633879781423,-0.02553523
3.6775956284153004,-0.02268681
3.680327868852459,-0.04194002
3.6830601092896176,-0.03703858
3.6857923497267757,-0.018392514
3.6885245901639343,-0.022120833
3.691256830601093,-0.035570193
3.6939890710382515,-0.04754548
3.69672131147541,-0.030562956
3.699453551912568,-0.002649495
3.702185792349727,-0.0034087026
3.7049180327868854,-0.00030535535
3.7076502732240435,-0.0006908798
3.710382513661202,-0.025871957
3.7131147540983607,-0.030478835
3.7158469945355193,-0.010160211
3.718579234972678,-0.019930827
3.721311475409836,-0.051573813
3.7240437158469946,-0.029521653
3.726775956284153,-0.012181101
3.7295081967213113,-0.0351049
3.73224043715847,-0.04412342
3.7349726775956285,-0.015172111
3.737704918032787,0.0012223596
3.7404371584699456,-0.018869406
3.7431693989071038,-0.022491587
3.7459016393442623,-0.0005266115
3.748633879781421,-0.011004898
3.751366120218579,-0.012985995
3.7540983606557377,-0.017682765
3.7568306010928962,-0.039288785
3.7595628415300544,-0.033894517
3.762295081967213,-0.00043603778
3.7650273224043715,-0.008747037
3.76775956284153,-0.041606437
3.7704918032786887,-0.018827518
3.773224043715847,-0.0041325903
3.7759562841530054,-0.028280655
3.778688524590164,-0.035552744
3.781420765027322,-0.024214555
3.7841530054644807,-0.030472185
3.7868852459016393,-0.023327608
3.789617486338798,-0.029193774
3.7923497267759565,-0.038775958
3.7950819672131146,-0.02503359
3.797814207650273,-0.009834287
3.800546448087432,-0.012479389
3.80327868852459,-0.0419581
3.8060109289617485,-0.038230397
3.808743169398907,-0.012327967
3.8114754098360657,-0.02030628
3.8142076502732243,-0.011264506
3.8169398907103824,-0.01854965
3.819672131147541,-0.040029548
3.8224043715846996,-0.005874249
3.8251366120218577,0.0035036083
3.8278688524590163,-0.03101195
3.830601092896175,-0.030294333
3.8333333333333335,-0.011260407
3.836065573770492,-0.024585517
3.83879781420765,-0.054582316
3.841530054644809,-0.057455916
3.8442622950819674,-0.025317447
3.8469945355191255,-0.0078462595
3.849726775956284,-0.042983722
3.8524590163934427,-0.04884254
3.855191256830601,-0.047835
3.8579234972677594,-0.044482976
3.860655737704918,-0.016494552
3.8633879781420766,-0.02309782
3.866120218579235,-0.0591036
3.8688524590163933,-0.057330232
3.871584699453552,-0.01980299
3.8743169398907105,-0.03224841
3.8770491803278686,-0.04586269
3.879781420765027,-0.019206697
3.8825136612021858,-0.028701432
3.8852459016393444,-0.04670386
3.887978142076503,-0.049881518
3.890710382513661,-0.039683912
3.8934426229508197,-0.022639804
3.8961748633879782,-0.026308868
3.8989071038251364,-0.055392466
3.901639344262295,-0.054245576
3.9043715846994536,-0.020806067
3.907103825136612,-0.024789568
3.9098360655737707,-0.031315286
3.912568306010929,-0.053149186
3.9153005464480874,-0.040427964
3.918032786885246,-0.022393892
3.920765027322404,-0.06198434
3.9234972677595628,-0.068895504
3.9262295081967213,-0.031058595
3.92896174863388,-0.02922923
3.9316939890710385,-0.053131618
3.9344262295081966,-0.0624742
3.9371584699453552,-0.052517645
3.939890710382514,-0.04088275
3.942622950819672,-0.044489805
3.9453551912568305,-0.037428748
3.948087431693989,-0.027350169
3.9508196721311473,-0.04626141
3.953551912568306,-0.05525624
3.9562841530054644,-0.040485118
3.959016393442623,-0.03325646
3.9617486338797816,-0.032230925
3.9644808743169397,-0.033086978
3.9672131147540983,-0.041453704
3.969945355191257,-0.04840566
3.972677595628415,-0.03671395
3.9754098360655736,-0.03396033
3.978142076502732,-0.059923224
3.980874316939891,-0.04906305
3.9836065573770494,-0.01944707
3.9863387978142075,-0.025878752
3.989071038251366,-0.046139006
3.9918032786885247,-0.07010634
3.994535519125683,-0.053260654
3.9972677595628414,-0.022495938
4.0,-0.07024235
