# year, Ptot_NPP_result
1976.0409836065573,3.8929386
1976.122950819672,2.491481
1976.204918032787,3.3704593
1976.2868852459017,4.719176
1976.3715846994535,13.528216
1976.4535519125684,33.279747
1976.5382513661202,32.913605
1976.622950819672,32.111504
1976.704918032787,26.24233
1976.7896174863388,22.562729
1976.8715846994535,15.837239
1976.9562841530055,17.18494
1977.041095890411,14.289512
1977.1205479452055,13.26348
1977.2027397260274,9.23024
1977.2849315068493,7.1461105
1977.3698630136987,7.174211
1977.4520547945206,10.318274
1977.5369863013698,16.608837
1977.6219178082192,21.449081
1977.704109589041,27.247316
1977.7890410958903,30.505878
1977.8712328767124,27.12505
1977.9561643835616,16.117973
1978.041095890411,9.449213
1978.1205479452055,6.5699477
1978.2027397260274,4.6295404
1978.2849315068493,4.3634677
1978.3698630136987,4.8614073
1978.4520547945206,10.872385
1978.5369863013698,20.17201
1978.6219178082192,26.320639
1978.704109589041,30.945591
1978.7890410958903,28.676111
1978.8712328767124,24.86597
1978.9561643835616,17.30573
1979.041095890411,12.054474
1979.1205479452055,7.6219053
1979.2027397260274,5.182047
1979.2849315068493,4.2639947
1979.3698630136987,5.6647778
1979.4520547945206,9.460208
1979.5369863013698,14.917871
1979.6219178082192,23.81924
1979.704109589041,30.78931
1979.7890410958903,28.641039
1979.8712328767124,24.81834
1979.9561643835616,16.286057
1980.0409836065573,9.965297
1980.122950819672,5.986604
1980.204918032787,4.441889
1980.2868852459017,4.287122
1980.3715846994535,6.005726
1980.4535519125684,11.4562845
1980.5382513661202,20.913872
1980.622950819672,21.560719
1980.704918032787,26.386353
1980.7896174863388,29.876022
1980.8715846994535,25.614084
1980.9562841530055,20.513681
1981.041095890411,13.0450735
1981.1205479452055,7.548606
1981.2027397260274,5.1765943
1981.2849315068493,4.1898627
1981.3698630136987,4.526226
1981.4520547945206,6.8540015
1981.5369863013698,14.621018
1981.6219178082192,19.852987
1981.704109589041,27.346096
1981.7890410958903,30.970768
1981.8712328767124,26.556347
1981.9561643835616,18.636501
1982.041095890411,11.414362
1982.1205479452055,6.745318
1982.2027397260274,4.4555783
1982.2849315068493,3.7015774
1982.3698630136987,4.8585076
1982.4520547945206,9.056425
1982.5369863013698,14.788091
1982.6219178082192,23.21541
1982.704109589041,30.399487
1982.7890410958903,30.648216
1982.8712328767124,25.841585
1982.9561643835616,18.135315
1983.041095890411,12.529107
1983.1205479452055,7.473006
1983.2027397260274,4.924934
1983.2849315068493,3.7786121
1983.3698630136987,4.448032
1983.4520547945206,8.703201
1983.5369863013698,14.377174
1983.6219178082192,24.355259
1983.704109589041,32.24304
1983.7890410958903,30.675817
1983.8712328767124,30.31878
1983.9561643835616,26.374323
1984.0409836065573,18.238924
1984.122950819672,12.591537
1984.204918032787,8.930793
1984.2868852459017,5.011187
1984.3715846994535,4.5290127
1984.4535519125684,6.30692
1984.5382513661202,14.342067
1984.622950819672,24.696503
1984.704918032787,31.690918
1984.7896174863388,34.912014
1984.8715846994535,30.03393
1984.9562841530055,20.987045
1985.041095890411,13.834658
1985.1205479452055,8.854888
1985.2027397260274,5.8623238
1985.2849315068493,4.1985655
1985.3698630136987,5.284403
1985.4520547945206,11.178807
1985.5369863013698,15.853134
1985.6219178082192,28.348114
1985.704109589041,32.722332
1985.7890410958903,31.328808
1985.8712328767124,26.702488
1985.9561643835616,20.04224
1986.041095890411,12.223159
1986.1205479452055,7.25673
1986.2027397260274,4.628933
1986.2849315068493,3.3794727
1986.3698630136987,4.739322
1986.4520547945206,7.102069
1986.5369863013698,10.493816
1986.6219178082192,15.378592
1986.704109589041,24.936457
1986.7890410958903,28.962229
1986.8712328767124,29.302456
1986.9561643835616,20.289919
1987.041095890411,13.20725
1987.1205479452055,7.875123
1987.2027397260274,4.8495417
1987.2849315068493,3.4584916
1987.3698630136987,3.6879823
1987.4520547945206,10.333021
1987.5369863013698,19.60266
1987.6219178082192,22.832714
1987.704109589041,30.23813
1987.7890410958903,27.95151
1987.8712328767124,24.312086
1987.9561643835616,21.469322
1988.0409836065573,14.763562
1988.122950819672,7.875032
1988.204918032787,4.924118
1988.2868852459017,4.004359
1988.3715846994535,4.287996
1988.4535519125684,6.493702
1988.5382513661202,12.473986
1988.622950819672,19.995655
1988.704918032787,22.727388
1988.7896174863388,24.15387
1988.8715846994535,24.58976
1988.9562841530055,22.089956
1989.041095890411,15.658641
1989.1205479452055,8.341726
1989.2027397260274,4.7948008
1989.2849315068493,3.8278396
1989.3698630136987,4.5167117
1989.4520547945206,8.986761
1989.5369863013698,16.49075
1989.6219178082192,21.76529
1989.704109589041,23.393833
1989.7890410958903,24.55648
1989.8712328767124,26.36108
1989.9561643835616,24.565609
1990.041095890411,15.353463
1990.1205479452055,12.15847
1990.2027397260274,7.60465
1990.2849315068493,5.2915545
1990.3698630136987,3.9866815
1990.4520547945206,6.103421
1990.5369863013698,11.936174
1990.6219178082192,19.984444
1990.704109589041,24.452257
1990.7890410958903,23.690947
1990.8712328767124,22.708656
1990.9561643835616,17.74827
1991.041095890411,11.987275
1991.1205479452055,7.305174
1991.2027397260274,5.4018955
1991.2849315068493,3.8848891
1991.3698630136987,3.7789073
1991.4520547945206,7.1145945
1991.5369863013698,16.359095
1991.6219178082192,25.74589
1991.704109589041,28.602726
1991.7890410958903,26.179552
1991.8712328767124,21.715294
1991.9561643835616,18.625832
1992.0409836065573,11.314875
1992.122950819672,7.3150897
1992.204918032787,4.901213
1992.2868852459017,3.5689037
1992.3715846994535,5.2909045
1992.4535519125684,12.955669
1992.5382513661202,17.586716
1992.622950819672,24.466578
1992.704918032787,27.961735
1992.7896174863388,27.633715
1992.8715846994535,24.80742
1992.9562841530055,18.422735
1993.041095890411,12.399819
1993.1205479452055,7.632521
1993.2027397260274,4.957713
1993.2849315068493,4.09335
1993.3698630136987,4.2247505
1993.4520547945206,6.7939153
1993.5369863013698,13.362161
1993.6219178082192,19.077143
1993.704109589041,22.845705
1993.7890410958903,23.65947
1993.8712328767124,22.62128
1993.9561643835616,14.178798
1994.041095890411,9.252348
1994.1205479452055,6.7370014
1994.2027397260274,5.3826017
1994.2849315068493,4.2210326
1994.3698630136987,6.1201468
1994.4520547945206,9.606035
1994.5369863013698,13.66854
1994.6219178082192,23.763563
1994.704109589041,29.224913
1994.7890410958903,27.133045
1994.8712328767124,23.64563
1994.9561643835616,15.32445
1995.041095890411,10.886082
1995.1205479452055,7.769637
1995.2027397260274,4.651612
1995.2849315068493,3.5012958
1995.3698630136987,4.5395675
1995.4520547945206,7.2643766
1995.5369863013698,15.83563
1995.6219178082192,26.794092
1995.704109589041,30.81052
1995.7890410958903,24.922346
1995.8712328767124,20.595562
1995.9561643835616,19.928524
1996.0409836065573,11.551664
1996.122950819672,6.937063
1996.204918032787,5.0151024
1996.2868852459017,3.6256688
1996.3715846994535,4.653928
1996.4535519125684,6.4221435
1996.5382513661202,9.407207
1996.622950819672,16.735891
1996.704918032787,22.09315
1996.7896174863388,19.213305
1996.8715846994535,18.714382
1996.9562841530055,11.265593
1997.041095890411,7.6518207
1997.1205479452055,4.815725
1997.2027397260274,4.257526
1997.2849315068493,5.064507
1997.3698630136987,5.7349358
1997.4520547945206,6.947336
1997.5369863013698,10.655491
1997.6219178082192,14.825958
1997.704109589041,17.758913
1997.7890410958903,26.313494
1997.8712328767124,25.355087
1997.9561643835616,15.920583
1998.041095890411,9.772148
1998.1205479452055,5.9622393
1998.2027397260274,4.326528
1998.2849315068493,3.878461
1998.3698630136987,4.3359942
1998.4520547945206,8.077283
1998.5369863013698,18.627716
1998.6219178082192,27.73463
1998.704109589041,35.92223
1998.7890410958903,32.016857
1998.8712328767124,16.593182
1998.9561643835616,9.384912
1999.041095890411,5.875248
1999.1205479452055,4.3554535
1999.2027397260274,3.3360546
1999.2849315068493,3.837695
1999.3698630136987,5.5974417
1999.4520547945206,7.732314
1999.5369863013698,10.083703
1999.6219178082192,15.013081
1999.704109589041,24.756256
1999.7890410958903,25.744148
1999.8712328767124,19.58627
1999.9561643835616,11.400071
2000.0409836065573,7.7265387
2000.122950819672,4.999958
2000.204918032787,3.884373
2000.2868852459017,4.2688427
2000.3715846994535,6.943414
2000.4535519125684,9.256974
2000.5382513661202,15.120344
2000.622950819672,19.714907
2000.704918032787,24.088291
2000.7896174863388,20.937836
2000.8715846994535,21.125664
2000.9562841530055,17.745016
2001.041095890411,11.417479
2001.1205479452055,7.430153
2001.2027397260274,5.250753
2001.2849315068493,4.7153664
2001.3698630136987,5.9833603
2001.4520547945206,9.252248
2001.5369863013698,15.670439
2001.6219178082192,21.766329
2001.704109589041,26.508028
2001.7890410958903,27.309427
2001.8712328767124,23.851072
2001.9561643835616,14.1073
2002.041095890411,8.706895
2002.1205479452055,5.609257
2002.2027397260274,3.819189
2002.2849315068493,3.8182998
2002.3698630136987,4.7097855
2002.4520547945206,6.792209
2002.5369863013698,11.126679
2002.6219178082192,16.929333
2002.704109589041,20.225084
2002.7890410958903,24.618036
2002.8712328767124,25.67608
2002.9561643835616,18.175442
2003.041095890411,14.92855
2003.1205479452055,9.483619
2003.2027397260274,6.054555
2003.2849315068493,4.93961
2003.3698630136987,5.4537425
2003.4520547945206,9.316798
2003.5369863013698,12.2887745
2003.6219178082192,18.755407
2003.704109589041,26.951263
2003.7890410958903,28.035545
2003.8712328767124,18.07667
2003.9561643835616,9.959202
2004.0409836065573,5.727733
2004.122950819672,4.0694475
2004.204918032787,3.319528
2004.2868852459017,4.5683036
2004.3715846994535,6.120392
2004.4535519125684,12.40919
2004.5382513661202,19.601685
2004.622950819672,18.575375
2004.704918032787,21.71546
2004.7896174863388,16.698011
2004.8715846994535,11.617907
2004.9562841530055,8.508945
2005.041095890411,5.8055964
2005.1205479452055,4.108023
2005.2027397260274,3.5240867
2005.2849315068493,5.335124
2005.3698630136987,6.9065714
2005.4520547945206,7.4496436
2005.5369863013698,14.135344
2005.6219178082192,21.406082
2005.704109589041,23.741785
2005.7890410958903,24.364275
2005.8712328767124,22.549894
2005.9561643835616,13.240683
2006.041095890411,7.9012675
2006.1205479452055,4.937059
2006.2027397260274,3.657276
2006.2849315068493,3.9050853
2006.3698630136987,5.789366
2006.4520547945206,8.886221
2006.5369863013698,16.489136
2006.6219178082192,19.282198
2006.704109589041,25.837296
2006.7890410958903,26.420155
2006.8712328767124,26.306852
2006.9561643835616,19.240015
2007.041095890411,10.629994
2007.1205479452055,6.6400523
2007.2027397260274,5.183071
2007.2849315068493,4.324829
2007.3698630136987,4.475293
2007.4520547945206,12.140277
2007.5369863013698,19.997084
2007.6219178082192,22.98516
2007.704109589041,26.315647
2007.7890410958903,28.79298
2007.8712328767124,25.991573
2007.9561643835616,19.050638
2008.0409836065573,11.063882
2008.122950819672,6.8085623
2008.204918032787,4.4903827
2008.2868852459017,3.942043
2008.3715846994535,4.868909
2008.4535519125684,10.873122
2008.5382513661202,16.28459
2008.622950819672,16.176825
2008.704918032787,28.227713
2008.7896174863388,30.512955
2008.8715846994535,22.587828
2008.9562841530055,13.732783
2009.041095890411,9.868649
2009.1205479452055,6.4091635
2009.2027397260274,4.537071
2009.2849315068493,3.5102038
2009.3698630136987,5.309164
2009.4520547945206,9.148705
2009.5369863013698,14.663507
2009.6219178082192,22.29435
2009.704109589041,29.220013
2009.7890410958903,27.881227
2009.8712328767124,21.265621
2009.9561643835616,16.811735
2010.041095890411,9.765352
2010.1205479452055,5.4983106
2010.2027397260274,4.727192
2010.2849315068493,4.6027293
2010.3698630136987,5.930066
2010.4520547945206,8.823225
2010.5369863013698,16.885279
2010.6219178082192,25.091003
2010.704109589041,27.096817
2010.7890410958903,27.710503
2010.8712328767124,20.707825
2010.9561643835616,12.151943
2011.041095890411,7.364635
2011.1205479452055,5.535943
2011.2027397260274,4.3005223
2011.2849315068493,4.6471076
2011.3698630136987,5.3206587
2011.4520547945206,9.294583
2011.5369863013698,15.063724
2011.6219178082192,19.844505
2011.704109589041,24.104189
2011.7890410958903,24.169315
2011.8712328767124,16.751638
2011.9561643835616,9.0539665
2012.0409836065573,5.6391234
2012.122950819672,3.862833
2012.204918032787,3.2605128
2012.2868852459017,4.3082824
2012.3715846994535,6.862961
2012.4535519125684,9.018863
2012.5382513661202,13.792302
2012.622950819672,17.358187
2012.704918032787,24.947184
2012.7896174863388,26.306545
2012.8715846994535,19.361044
2012.9562841530055,11.322452
2013.041095890411,7.2521787
2013.1205479452055,4.438498
2013.2027397260274,4.0744524
2013.2849315068493,4.715965
2013.3698630136987,4.9799676
2013.4520547945206,6.758298
2013.5369863013698,14.9827175
2013.6219178082192,17.521132
2013.704109589041,18.835625
2013.7890410958903,20.857609
2013.8712328767124,19.403688
2013.9561643835616,12.738511
2014.041095890411,8.932345
2014.1205479452055,5.933516
2014.2027397260274,4.5899687
2014.2849315068493,4.5806894
2014.3698630136987,7.3793955
2014.4520547945206,7.9939957
2014.5369863013698,11.52805
2014.6219178082192,17.419655
2014.704109589041,21.32078
2014.7890410958903,26.092611
2014.8712328767124,25.394176
2014.9561643835616,18.710022
2015.041095890411,12.502849
2015.1205479452055,8.175796
2015.2027397260274,5.4462967
2015.2849315068493,4.0974627
2015.3698630136987,5.1805477
2015.4520547945206,7.480169
2015.5369863013698,11.909973
2015.6219178082192,15.525437
2015.704109589041,21.522451
2015.7890410958903,20.383133
2015.8712328767124,17.013037
2015.9561643835616,12.367526
2016.0409836065573,7.5826054
2016.122950819672,6.019672
2016.204918032787,5.578288
2016.2868852459017,4.716682
2016.3715846994535,6.6506157
2016.4535519125684,8.347872
2016.5382513661202,12.329764
2016.622950819672,19.662151
2016.704918032787,23.37882
2016.7896174863388,24.839386
2016.8715846994535,20.797619
2016.9562841530055,12.994942
2017.041095890411,9.326558
2017.1205479452055,6.5003824
2017.2027397260274,4.379924
2017.2849315068493,3.5744255
2017.3698630136987,5.8563576
2017.4520547945206,9.790071
2017.5369863013698,15.632929
2017.6219178082192,25.759789
2017.704109589041,28.463215
2017.7890410958903,28.374931
2017.8712328767124,19.821074
2017.9561643835616,12.053013
2018.041095890411,7.856136
2018.1205479452055,4.91391
2018.2027397260274,3.8460436
2018.2849315068493,4.9489484
2018.3698630136987,6.214705
2018.4520547945206,8.024646
2018.5369863013698,15.309102
2018.6219178082192,20.548069
2018.704109589041,28.499447
2018.7890410958903,27.201105
2018.8712328767124,14.495094
2018.9561643835616,8.501937
2019.041095890411,5.876048
2019.1205479452055,3.99391
2019.2027397260274,3.3351047
2019.2849315068493,4.119747
2019.3698630136987,6.1649714
2019.4520547945206,9.267296
2019.5369863013698,14.043193
2019.6219178082192,15.16566
2019.704109589041,18.250917
2019.7890410958903,19.336233
2019.8712328767124,15.33733
2019.9561643835616,11.233511
2020.0409836065573,8.243501
2020.122950819672,5.8503737
2020.204918032787,4.481385
2020.2868852459017,5.2470407
2020.3715846994535,6.7549486
2020.4535519125684,8.361007
2020.5382513661202,13.141975
2020.622950819672,19.6607
2020.704918032787,25.34911
2020.7896174863388,25.483255
2020.8715846994535,19.206638
2020.9562841530055,12.6805105
2021.041095890411,8.314618
2021.1205479452055,5.597743
2021.2027397260274,4.4534907
2021.2849315068493,5.2449164
2021.3698630136987,7.0907154
2021.4520547945206,7.2005363
2021.5369863013698,8.467555
2021.6219178082192,11.698583
2021.704109589041,19.200445
2021.7890410958903,25.05388
2021.8712328767124,17.88608
2021.9561643835616,12.335387
2022.041095890411,7.8696485
2022.1205479452055,5.1362658
2022.2027397260274,4.013652
2022.2849315068493,3.8176467
2022.3698630136987,5.788728
2022.4520547945206,8.652748
2022.5369863013698,12.558381
2022.6219178082192,16.092878
2022.704109589041,24.263826
2022.7890410958903,28.940626
2022.8712328767124,23.859509
2022.9561643835616,14.122054
2023.041095890411,10.22677
2023.1205479452055,6.3986344
2023.2027397260274,4.711535
2023.2849315068493,3.6915781
2023.3698630136987,5.6628175
2023.4520547945206,7.9107656
2023.5369863013698,13.745689
2023.6219178082192,21.552849
2023.704109589041,30.165236
2023.7890410958903,24.24754
2023.8712328767124,15.505012
2023.9561643835616,9.885085
2024.0409836065573,6.952283
2024.122950819672,5.3058968
2024.204918032787,4.2823625
2024.2868852459017,5.380196
2024.3715846994535,6.5906405
2024.4535519125684,9.758059
2024.5382513661202,17.246199
2024.622950819672,22.273518
2024.704918032787,23.423847
2024.7896174863388,23.107428
2024.8715846994535,15.66125
2024.9562841530055,9.595292
2025.041095890411,6.1963115
2025.1205479452055,4.551895
2025.2027397260274,3.683031
2025.2849315068493,4.222855
2025.3698630136987,6.0314198
2025.4520547945206,7.251732
2025.5369863013698,10.369995
2025.6219178082192,19.35196
2025.704109589041,28.54624
2025.7890410958903,30.72967
2025.8712328767124,26.162159
2025.9561643835616,16.559223
2026.041095890411,12.451904
2026.1205479452055,7.67631
2026.2027397260274,5.393336
2026.2849315068493,4.28274
2026.3698630136987,5.950471
2026.4520547945206,8.019931
2026.5369863013698,10.79312
2026.6219178082192,19.314505
2026.704109589041,28.334044
2026.7890410958903,25.254025
2026.8712328767124,18.156185
2026.9561643835616,11.998959
2027.041095890411,7.3321676
2027.1205479452055,4.732243
2027.2027397260274,3.1871367
2027.2849315068493,3.092364
2027.3698630136987,5.1614666
2027.4520547945206,8.404099
2027.5369863013698,10.410904
2027.6219178082192,15.028358
2027.704109589041,24.465914
2027.7890410958903,28.728971
2027.8712328767124,18.828775
2027.9561643835616,11.972974
2028.0409836065573,7.549317
2028.122950819672,5.3537655
2028.204918032787,4.256249
2028.2868852459017,4.314003
2028.3715846994535,5.7105303
2028.4535519125684,9.093474
2028.5382513661202,14.163221
2028.622950819672,19.236647
2028.704918032787,29.406082
2028.7896174863388,29.285387
2028.8715846994535,17.510029
2028.9562841530055,9.859211
2029.041095890411,5.578058
2029.1205479452055,4.15765
2029.2027397260274,3.6483488
2029.2849315068493,5.041043
2029.3698630136987,7.306292
2029.4520547945206,8.846336
2029.5369863013698,12.52759
2029.6219178082192,17.051447
2029.704109589041,25.0962
2029.7890410958903,26.10814
2029.8712328767124,19.661873
2029.9561643835616,14.190112
2030.041095890411,9.004184
2030.1205479452055,6.0333977
2030.2027397260274,4.1809793
2030.2849315068493,4.604669
2030.3698630136987,6.1044145
2030.4520547945206,7.3125515
2030.5369863013698,10.442576
2030.6219178082192,19.153755
2030.704109589041,27.314322
2030.7890410958903,24.970741
2030.8712328767124,18.651522
2030.9561643835616,10.597359
2031.041095890411,7.327317
2031.1205479452055,5.0576363
2031.2027397260274,4.2241406
2031.2849315068493,4.596522
2031.3698630136987,7.0281177
2031.4520547945206,9.454152
2031.5369863013698,13.226735
2031.6219178082192,20.73816
2031.704109589041,29.439627
2031.7890410958903,27.194357
2031.8712328767124,19.085299
2031.9561643835616,11.845439
2032.0409836065573,8.558855
2032.122950819672,6.020168
2032.204918032787,4.34606
2032.2868852459017,4.501885
2032.3715846994535,6.137547
2032.4535519125684,8.31865
2032.5382513661202,15.396627
2032.622950819672,22.511173
2032.704918032787,26.814404
2032.7896174863388,23.187729
2032.8715846994535,13.625117
2032.9562841530055,8.918293
2033.041095890411,6.169332
2033.1205479452055,4.368423
2033.2027397260274,4.64915
2033.2849315068493,5.690731
2033.3698630136987,7.593463
2033.4520547945206,9.187478
2033.5369863013698,10.643815
2033.6219178082192,14.93116
2033.704109589041,23.033915
2033.7890410958903,25.018585
2033.8712328767124,17.785225
2033.9561643835616,10.597147
2034.041095890411,6.4309907
2034.1205479452055,4.556392
2034.2027397260274,4.1392827
2034.2849315068493,4.7164707
2034.3698630136987,7.1206994
2034.4520547945206,9.054591
2034.5369863013698,12.174587
2034.6219178082192,15.467548
2034.704109589041,19.096148
2034.7890410958903,20.205624
2034.8712328767124,20.809319
2034.9561643835616,14.383126
2035.041095890411,9.728703
2035.1205479452055,6.839452
2035.2027397260274,4.869897
2035.2849315068493,4.048685
2035.3698630136987,6.9739447
2035.4520547945206,10.375962
2035.5369863013698,13.432444
2035.6219178082192,21.816425
2035.704109589041,32.659573
2035.7890410958903,25.719997
2035.8712328767124,17.347204
2035.9561643835616,10.290125
2036.0409836065573,5.705056
2036.122950819672,3.651613
2036.204918032787,3.2004983
2036.2868852459017,5.0766244
2036.3715846994535,7.2793317
2036.4535519125684,7.746955
2036.5382513661202,9.409416
2036.622950819672,15.319846
2036.704918032787,18.712606
2036.7896174863388,22.831493
2036.8715846994535,19.139875
2036.9562841530055,10.690814
2037.041095890411,6.8825784
2037.1205479452055,4.524338
2037.2027397260274,3.4197702
2037.2849315068493,5.2352514
2037.3698630136987,7.590769
2037.4520547945206,7.556176
2037.5369863013698,10.382053
2037.6219178082192,20.316278
2037.704109589041,27.17449
2037.7890410958903,27.890253
2037.8712328767124,20.726345
2037.9561643835616,11.567436
2038.041095890411,7.3106575
2038.1205479452055,5.2400484
2038.2027397260274,4.012511
2038.2849315068493,3.7317917
2038.3698630136987,5.869341
2038.4520547945206,8.049513
2038.5369863013698,13.489265
2038.6219178082192,22.181583
2038.704109589041,27.821095
2038.7890410958903,27.726555
2038.8712328767124,22.794933
2038.9561643835616,13.837961
2039.041095890411,8.206468
2039.1205479452055,4.739676
2039.2027397260274,3.2956955
2039.2849315068493,4.358787
2039.3698630136987,6.0918818
2039.4520547945206,8.157242
2039.5369863013698,10.781576
2039.6219178082192,14.679751
2039.704109589041,19.823748
2039.7890410958903,20.185646
2039.8712328767124,12.95633
2039.9561643835616,8.685702
2040.0409836065573,6.42583
2040.122950819672,4.755175
2040.204918032787,3.9984047
2040.2868852459017,5.3165765
2040.3715846994535,7.777197
2040.4535519125684,8.653197
2040.5382513661202,15.129199
2040.622950819672,21.189247
2040.704918032787,23.185375
2040.7896174863388,21.035955
2040.8715846994535,15.312371
2040.9562841530055,9.93561
2041.041095890411,6.484901
2041.1205479452055,4.988794
2041.2027397260274,5.1022687
2041.2849315068493,6.0899353
2041.3698630136987,6.806285
2041.4520547945206,7.781529
2041.5369863013698,9.80474
2041.6219178082192,16.14806
2041.704109589041,24.164928
2041.7890410958903,23.335241
2041.8712328767124,17.954025
2041.9561643835616,11.902299
2042.041095890411,8.072767
2042.1205479452055,5.430796
2042.2027397260274,5.31923
2042.2849315068493,6.581734
2042.3698630136987,6.9271555
2042.4520547945206,7.987231
2042.5369863013698,10.1824045
2042.6219178082192,14.69074
2042.704109589041,22.0317
2042.7890410958903,26.779453
2042.8712328767124,19.8136
2042.9561643835616,12.989216
2043.041095890411,6.9728127
2043.1205479452055,5.4696302
2043.2027397260274,4.6903753
2043.2849315068493,4.9127703
2043.3698630136987,6.9914355
2043.4520547945206,9.718147
2043.5369863013698,12.567613
2043.6219178082192,17.720165
2043.704109589041,22.38611
2043.7890410958903,24.739412
2043.8712328767124,25.689337
2043.9561643835616,15.246899
2044.0409836065573,9.669878
2044.122950819672,6.385366
2044.204918032787,4.603596
2044.2868852459017,3.875587
2044.3715846994535,6.1190524
2044.4535519125684,8.587751
2044.5382513661202,10.710473
2044.622950819672,16.821003
2044.704918032787,26.114258
2044.7896174863388,27.490244
2044.8715846994535,22.757738
2044.9562841530055,13.266346
2045.041095890411,8.688215
2045.1205479452055,5.703902
2045.2027397260274,4.349159
2045.2849315068493,4.0218496
2045.3698630136987,6.6209803
2045.4520547945206,8.413499
2045.5369863013698,11.143184
2045.6219178082192,16.436428
2045.704109589041,25.046928
2045.7890410958903,23.594965
2045.8712328767124,16.295086
2045.9561643835616,9.781616
2046.041095890411,6.429255
2046.1205479452055,4.301133
2046.2027397260274,4.158288
2046.2849315068493,5.2063575
2046.3698630136987,6.5617766
2046.4520547945206,9.946275
2046.5369863013698,14.573928
2046.6219178082192,19.470465
2046.704109589041,25.235725
2046.7890410958903,25.436243
2046.8712328767124,20.567917
2046.9561643835616,12.365453
2047.041095890411,8.482489
2047.1205479452055,5.386634
2047.2027397260274,3.7948902
2047.2849315068493,4.058297
2047.3698630136987,5.7468195
2047.4520547945206,6.9796224
2047.5369863013698,8.787858
2047.6219178082192,15.052623
2047.704109589041,24.899366
2047.7890410958903,25.894072
2047.8712328767124,19.41878
2047.9561643835616,12.722595
2048.0409836065573,8.170303
2048.122950819672,4.926332
2048.2049180327867,3.428128
2048.2868852459014,4.498021
2048.3715846994537,7.0514917
2048.4535519125684,8.453897
2048.53825136612,10.763261
2048.622950819672,16.282711
2048.7049180327867,24.089544
2048.789617486339,26.503586
2048.8715846994537,20.747717
2048.9562841530055,12.644725
2049.041095890411,7.1239486
2049.1205479452055,5.1063066
2049.202739726027,4.171716
2049.2849315068493,5.601025
2049.3698630136987,6.8658094
2049.4520547945203,8.218512
2049.53698630137,11.687822
2049.621917808219,16.729982
2049.7041095890413,25.609934
2049.7890410958903,29.296757
2049.8712328767124,23.6737
2049.956164383562,13.784815
2050.041095890411,8.409281
2050.1205479452055,4.8065753
2050.202739726027,4.447215
2050.2849315068493,4.7906485
2050.3698630136987,6.0416865
2050.4520547945203,7.9097724
2050.53698630137,9.125285
2050.621917808219,17.488728
2050.7041095890413,28.198927
2050.7890410958903,28.31589
2050.8712328767124,20.682592
2050.956164383562,12.8661175
2051.041095890411,8.015315
2051.1205479452055,5.7700644
2051.202739726027,5.09985
2051.2849315068493,4.9074793
2051.3698630136987,6.6500196
2051.4520547945203,7.716837
2051.53698630137,10.25226
2051.621917808219,18.427366
2051.7041095890413,32.51627
2051.7890410958903,27.636127
2051.8712328767124,17.470228
2051.956164383562,10.823842
2052.0409836065573,6.674514
2052.122950819672,4.1413345
2052.2049180327867,3.5827718
2052.2868852459014,5.792855
2052.3715846994537,7.872322
2052.4535519125684,9.6685915
2052.53825136612,11.566095
2052.622950819672,17.989817
2052.7049180327867,21.778368
2052.789617486339,19.353529
2052.8715846994537,14.1332035
2052.9562841530055,9.664145
2053.041095890411,6.7815666
2053.1205479452055,4.341506
2053.202739726027,3.7164402
2053.2849315068493,5.128202
2053.3698630136987,6.8094397
2053.4520547945203,8.778136
2053.53698630137,11.822221
2053.621917808219,18.695955
2053.7041095890413,26.808977
2053.7890410958903,20.634682
2053.8712328767124,14.622386
2053.956164383562,11.066632
2054.041095890411,7.860252
2054.1205479452055,5.1397896
2054.202739726027,4.0736895
2054.2849315068493,5.976436
2054.3698630136987,7.246178
2054.4520547945203,8.459267
2054.53698630137,11.720871
2054.621917808219,18.844204
2054.7041095890413,25.523241
2054.7890410958903,27.630518
2054.8712328767124,17.551126
2054.956164383562,10.522779
2055.041095890411,6.429646
2055.1205479452055,4.232333
2055.202739726027,3.885552
2055.2849315068493,5.392644
2055.3698630136987,7.023597
2055.4520547945203,8.662153
2055.53698630137,10.917249
2055.621917808219,19.994192
2055.7041095890413,26.392857
2055.7890410958903,25.1868
2055.8712328767124,17.564213
2055.956164383562,11.206548
2056.0409836065573,7.0584793
2056.122950819672,4.9619837
2056.2049180327867,4.593482
2056.2868852459014,4.6816435
2056.3715846994537,6.9049516
2056.4535519125684,8.455196
2056.53825136612,11.443052
2056.622950819672,18.081322
2056.7049180327867,25.493488
2056.789617486339,28.990238
2056.8715846994537,23.821003
2056.9562841530055,13.925024
2057.041095890411,8.006398
2057.1205479452055,5.5172963
2057.202739726027,3.9152114
2057.2849315068493,3.7178319
2057.3698630136987,5.731374
2057.4520547945203,6.830585
2057.53698630137,8.660443
2057.621917808219,13.198656
2057.7041095890413,23.336466
2057.7890410958903,22.776165
2057.8712328767124,16.49528
2057.956164383562,11.670514
2058.041095890411,6.952155
2058.1205479452055,5.0918894
2058.202739726027,4.9357862
2058.2849315068493,5.6491957
2058.3698630136987,7.376041
2058.4520547945203,8.756178
2058.53698630137,12.94093
2058.621917808219,22.122011
2058.7041095890413,26.807426
2058.7890410958903,29.332909
2058.8712328767124,21.900587
2058.956164383562,13.211628
2059.041095890411,7.3245463
2059.1205479452055,4.6976967
2059.202739726027,3.6790607
2059.2849315068493,4.213505
2059.3698630136987,5.962108
2059.4520547945203,7.195554
2059.53698630137,7.636807
2059.621917808219,14.814511
2059.7041095890413,19.849169
2059.7890410958903,21.851246
2059.8712328767124,15.983816
2059.956164383562,10.4876
2060.0409836065573,6.2932696
2060.122950819672,4.7300406
2060.2049180327867,4.777726
2060.2868852459014,5.6174326
2060.3715846994537,7.281134
2060.4535519125684,7.8861184
2060.53825136612,11.047826
2060.622950819672,15.995024
2060.7049180327867,25.872278
2060.789617486339,23.204897
2060.8715846994537,13.633056
2060.9562841530055,8.80982
2061.041095890411,5.9736376
2061.1205479452055,4.407153
2061.202739726027,4.422568
2061.2849315068493,6.0406914
2061.3698630136987,6.827398
2061.4520547945203,9.148056
2061.53698630137,9.706201
2061.621917808219,13.754785
2061.7041095890413,22.220697
2061.7890410958903,21.864876
2061.8712328767124,15.909456
2061.956164383562,9.431728
2062.041095890411,5.617696
2062.1205479452055,3.2098694
2062.202739726027,3.4068363
2062.2849315068493,5.097991
2062.3698630136987,6.115232
2062.4520547945203,7.559969
2062.53698630137,9.695127
2062.621917808219,16.184242
2062.7041095890413,26.365704
2062.7890410958903,24.24143
2062.8712328767124,13.563871
2062.956164383562,9.238394
2063.041095890411,6.2511377
2063.1205479452055,5.0528154
2063.202739726027,4.9229503
2063.2849315068493,6.092948
2063.3698630136987,7.7593565
2063.4520547945203,8.976649
2063.53698630137,10.591272
2063.621917808219,15.789237
2063.7041095890413,21.80503
2063.7890410958903,25.263668
2063.8712328767124,22.983644
2063.956164383562,14.649909
2064.0409836065573,8.186008
2064.122950819672,4.956652
2064.2049180327867,3.44816
2064.2868852459014,3.9730384
2064.3715846994537,6.6261177
2064.4535519125684,8.394708
2064.53825136612,10.398571
2064.622950819672,17.013073
2064.7049180327867,25.438643
2064.789617486339,24.29866
2064.8715846994537,15.156887
2064.9562841530055,9.130222
2065.041095890411,6.202478
2065.1205479452055,4.3814955
2065.202739726027,4.4445715
2065.2849315068493,5.9649796
2065.3698630136987,7.6310916
2065.4520547945203,8.984507
2065.53698630137,11.48106
2065.621917808219,15.301104
2065.7041095890413,23.085196
2065.7890410958903,26.106451
2065.8712328767124,15.860709
2065.956164383562,9.073173
2066.041095890411,5.14512
2066.1205479452055,4.2809052
2066.202739726027,4.331762
2066.2849315068493,6.152994
2066.3698630136987,7.626139
2066.4520547945203,7.335747
2066.53698630137,9.772864
2066.621917808219,16.64163
2066.7041095890413,23.328695
2066.7890410958903,25.622929
2066.8712328767124,19.88248
2066.956164383562,12.6445
2067.041095890411,7.606618
2067.1205479452055,5.4256516
2067.202739726027,4.434738
2067.2849315068493,4.3147955
2067.3698630136987,6.1998963
2067.4520547945203,6.7658176
2067.53698630137,8.006807
2067.621917808219,15.193711
2067.7041095890413,27.499638
2067.7890410958903,27.570173
2067.8712328767124,17.785702
2067.956164383562,10.33145
2068.0409836065573,5.8634872
2068.122950819672,4.250447
2068.2049180327867,4.971421
2068.2868852459014,6.9274626
2068.3715846994537,8.182805
2068.4535519125684,7.866918
2068.53825136612,9.410164
2068.622950819672,15.112068
2068.7049180327867,16.869017
2068.789617486339,20.053308
2068.8715846994537,16.167175
2068.9562841530055,11.054722
2069.041095890411,6.8427005
2069.1205479452055,4.931079
2069.202739726027,4.937906
2069.2849315068493,6.656153
2069.3698630136987,8.01058
2069.4520547945203,8.469421
2069.53698630137,11.19061
2069.621917808219,18.947468
2069.7041095890413,25.665016
2069.7890410958903,23.294947
2069.8712328767124,15.8504715
2069.956164383562,10.602489
2070.041095890411,7.032219
2070.1205479452055,5.045007
2070.202739726027,5.316207
2070.2849315068493,6.8967376
2070.3698630136987,7.507723
2070.4520547945203,8.5589485
2070.53698630137,9.527284
2070.621917808219,12.5267315
2070.7041095890413,19.939148
2070.7890410958903,21.84632
2070.8712328767124,18.728914
2070.956164383562,11.113428
